SMILES,rdkit_MaxAbsEStateIndex,rdkit_MaxEStateIndex,rdkit_MinAbsEStateIndex,rdkit_MinEStateIndex,rdkit_qed,rdkit_SPS,rdkit_MolWt,rdkit_HeavyAtomMolWt,rdkit_ExactMolWt,rdkit_NumValenceElectrons,rdkit_NumRadicalElectrons,rdkit_MaxPartialCharge,rdkit_MinPartialCharge,rdkit_MaxAbsPartialCharge,rdkit_MinAbsPartialCharge,rdkit_FpDensityMorgan1,rdkit_FpDensityMorgan2,rdkit_FpDensityMorgan3,rdkit_BCUT2D_MWHI,rdkit_BCUT2D_MWLOW,rdkit_BCUT2D_CHGHI,rdkit_BCUT2D_CHGLO,rdkit_BCUT2D_LOGPHI,rdkit_BCUT2D_LOGPLOW,rdkit_BCUT2D_MRHI,rdkit_BCUT2D_MRLOW,rdkit_AvgIpc,rdkit_BalabanJ,rdkit_BertzCT,rdkit_Chi0,rdkit_Chi0n,rdkit_Chi0v,rdkit_Chi1,rdkit_Chi1n,rdkit_Chi1v,rdkit_Chi2n,rdkit_Chi2v,rdkit_Chi3n,rdkit_Chi3v,rdkit_Chi4n,rdkit_Chi4v,rdkit_HallKierAlpha,rdkit_Ipc,rdkit_Kappa1,rdkit_Kappa2,rdkit_Kappa3,rdkit_LabuteASA,rdkit_PEOE_VSA1,rdkit_PEOE_VSA10,rdkit_PEOE_VSA11,rdkit_PEOE_VSA12,rdkit_PEOE_VSA13,rdkit_PEOE_VSA14,rdkit_PEOE_VSA2,rdkit_PEOE_VSA3,rdkit_PEOE_VSA4,rdkit_PEOE_VSA5,rdkit_PEOE_VSA6,rdkit_PEOE_VSA7,rdkit_PEOE_VSA8,rdkit_PEOE_VSA9,rdkit_SMR_VSA1,rdkit_SMR_VSA10,rdkit_SMR_VSA2,rdkit_SMR_VSA3,rdkit_SMR_VSA4,rdkit_SMR_VSA5,rdkit_SMR_VSA6,rdkit_SMR_VSA7,rdkit_SMR_VSA8,rdkit_SMR_VSA9,rdkit_SlogP_VSA1,rdkit_SlogP_VSA10,rdkit_SlogP_VSA11,rdkit_SlogP_VSA12,rdkit_SlogP_VSA2,rdkit_SlogP_VSA3,rdkit_SlogP_VSA4,rdkit_SlogP_VSA5,rdkit_SlogP_VSA6,rdkit_SlogP_VSA7,rdkit_SlogP_VSA8,rdkit_SlogP_VSA9,rdkit_TPSA,rdkit_EState_VSA1,rdkit_EState_VSA10,rdkit_EState_VSA11,rdkit_EState_VSA2,rdkit_EState_VSA3,rdkit_EState_VSA4,rdkit_EState_VSA5,rdkit_EState_VSA6,rdkit_EState_VSA7,rdkit_EState_VSA8,rdkit_EState_VSA9,rdkit_VSA_EState1,rdkit_VSA_EState10,rdkit_VSA_EState2,rdkit_VSA_EState3,rdkit_VSA_EState4,rdkit_VSA_EState5,rdkit_VSA_EState6,rdkit_VSA_EState7,rdkit_VSA_EState8,rdkit_VSA_EState9,rdkit_FractionCSP3,rdkit_HeavyAtomCount,rdkit_NHOHCount,rdkit_NOCount,rdkit_NumAliphaticCarbocycles,rdkit_NumAliphaticHeterocycles,rdkit_NumAliphaticRings,rdkit_NumAmideBonds,rdkit_NumAromaticCarbocycles,rdkit_NumAromaticHeterocycles,rdkit_NumAromaticRings,rdkit_NumAtomStereoCenters,rdkit_NumBridgeheadAtoms,rdkit_NumHAcceptors,rdkit_NumHDonors,rdkit_NumHeteroatoms,rdkit_NumHeterocycles,rdkit_NumRotatableBonds,rdkit_NumSaturatedCarbocycles,rdkit_NumSaturatedHeterocycles,rdkit_NumSaturatedRings,rdkit_NumSpiroAtoms,rdkit_NumUnspecifiedAtomStereoCenters,rdkit_Phi,rdkit_RingCount,rdkit_MolLogP,rdkit_MolMR,rdkit_fr_Al_COO,rdkit_fr_Al_OH,rdkit_fr_Al_OH_noTert,rdkit_fr_ArN,rdkit_fr_Ar_COO,rdkit_fr_Ar_N,rdkit_fr_Ar_NH,rdkit_fr_Ar_OH,rdkit_fr_COO,rdkit_fr_COO2,rdkit_fr_C_O,rdkit_fr_C_O_noCOO,rdkit_fr_C_S,rdkit_fr_HOCCN,rdkit_fr_Imine,rdkit_fr_NH0,rdkit_fr_NH1,rdkit_fr_NH2,rdkit_fr_N_O,rdkit_fr_Ndealkylation1,rdkit_fr_Ndealkylation2,rdkit_fr_Nhpyrrole,rdkit_fr_SH,rdkit_fr_aldehyde,rdkit_fr_alkyl_carbamate,rdkit_fr_alkyl_halide,rdkit_fr_allylic_oxid,rdkit_fr_amide,rdkit_fr_amidine,rdkit_fr_aniline,rdkit_fr_aryl_methyl,rdkit_fr_azide,rdkit_fr_azo,rdkit_fr_barbitur,rdkit_fr_benzene,rdkit_fr_benzodiazepine,rdkit_fr_bicyclic,rdkit_fr_diazo,rdkit_fr_dihydropyridine,rdkit_fr_epoxide,rdkit_fr_ester,rdkit_fr_ether,rdkit_fr_furan,rdkit_fr_guanido,rdkit_fr_halogen,rdkit_fr_hdrzine,rdkit_fr_hdrzone,rdkit_fr_imidazole,rdkit_fr_imide,rdkit_fr_isocyan,rdkit_fr_isothiocyan,rdkit_fr_ketone,rdkit_fr_ketone_Topliss,rdkit_fr_lactam,rdkit_fr_lactone,rdkit_fr_methoxy,rdkit_fr_morpholine,rdkit_fr_nitrile,rdkit_fr_nitro,rdkit_fr_nitro_arom,rdkit_fr_nitro_arom_nonortho,rdkit_fr_nitroso,rdkit_fr_oxazole,rdkit_fr_oxime,rdkit_fr_para_hydroxylation,rdkit_fr_phenol,rdkit_fr_phenol_noOrthoHbond,rdkit_fr_phos_acid,rdkit_fr_phos_ester,rdkit_fr_piperdine,rdkit_fr_piperzine,rdkit_fr_priamide,rdkit_fr_prisulfonamd,rdkit_fr_pyridine,rdkit_fr_quatN,rdkit_fr_sulfide,rdkit_fr_sulfonamd,rdkit_fr_sulfone,rdkit_fr_term_acetylene,rdkit_fr_tetrazole,rdkit_fr_thiazole,rdkit_fr_thiocyan,rdkit_fr_thiophene,rdkit_fr_unbrch_alkane,rdkit_fr_urea,dft_cation_VIP,dft_cation_VEA,dft_cation_Cond_Fukui+_atom0,dft_cation_Cond_Fukui-_atom0,dft_cation_Cond_dual_desc_atom0,dft_cation_Cond_Fukui+_atom1,dft_cation_Cond_Fukui-_atom1,dft_cation_Cond_dual_desc_atom1,dft_cation_min_ESP,dft_cation_max_ESP,dft_cation_MPI,dft_cation_area_pSurface,dft_cation_aver_ALIE,dft_cation_aver_LEAE,dft_cation_Molecular_volumn,dft_cation_Molecular_sphericity,dft_cation_Molecular_all_surface_area,dft_cation_HOMO_LUMO_energy_gap,dft_cation_HOMO_ODI,dft_cation_LUMO_ODI,dft_cation_charge_CM5-atom0,dft_cation_charge_CM5-atom1,dft_anion_VIP,dft_anion_VEA,dft_anion_Cond_Fukui+_atom0,dft_anion_Cond_Fukui-_atom0,dft_anion_Cond_dual_desc_atom0,dft_anion_min_ESP,dft_anion_max_ESP,dft_anion_MPI,dft_anion_char_balance,dft_anion_area_pSurface,dft_anion_area_nSurface,dft_anion_aver_ALIE,dft_anion_aver_LEAE,dft_anion_max_ESP_atom0,dft_anion_min_ESP_atom0,dft_anion_icp_atom0,dft_anion_Molecular_volumn,dft_anion_Molecular_sphericity,dft_anion_Molecular_all_surface_area,dft_anion_HOMO_LUMO_energy_gap,dft_anion_HOMO_ODI,dft_anion_LUMO_ODI,dft_anion_charge_CM5-atom0
CC(C)(C)[C@H](N)C[NH2+]C(c1ccccc1)c1ccccc1.O=S(=O)([O-])C(F)(F)F,10.662037037037038,10.662037037037038,0.13335884353741467,-6.090277777777778,0.5605054550577531,13.551724137931034,432.50800000000015,405.29200000000003,432.1694483839999,162.0,0.0,0.485234805463619,-0.7411547731218965,0.7411547731218965,0.485234805463619,0.9310344827586207,1.2758620689655173,1.5517241379310345,32.24019453454735,9.867082030613863,2.3648883132849483,-2.272000805003622,2.205598797885488,-2.8846428452631927,7.861237229731916,-0.6893787910957998,2.614168236390425,4.4708329503703074e-07,797.2702987036224,22.29468245099708,16.55689713072445,17.373393711652177,13.232181813234284,8.941626711170523,10.349875001634386,7.642825987007025,9.013984327357166,4.338943203638676,4.905889913152522,2.421610722212622,2.421610722212622,-1.94,935035.6947921271,25.096954915003693,10.197991714375513,8.527605886027905,169.42886049370324,15.603205954858879,6.041840829147961,10.118126859033554,0.0,0.0,5.508330501264255,0.0,8.417796984328938,13.171245143024459,0.0,81.43488228368798,5.41499046939678,11.126902983393991,12.586597235060536,31.458580605050095,10.118126859033554,0.0,0.0,11.148657946558965,38.363223758632046,6.544756405912575,71.7905736680101,0.0,0.0,11.050456081168516,13.171245143024459,0.0,0.0,31.06547459434409,10.118126859033554,5.41499046939678,37.93995541161382,60.6636706846161,0.0,0.0,0.0,99.83,15.62645736029781,13.171245143024459,0.0,11.45683129854474,6.041840829147961,6.544756405912575,11.126902983393991,0.0,0.0,86.75167088769432,18.704214335181486,58.90277777777778,0.0,0.0,2.361689814814815,3.459264613252709,0.0,21.768730001259758,0.0,7.51448223733938,-6.090277777777778,0.4,29.0,4.0,5.0,0.0,0.0,0.0,0.0,2.0,0.0,2.0,1.0,0.0,4.0,2.0,9.0,0.0,5.0,0.0,0.0,0.0,0.0,0.0,8.825466837215982,2.0,2.7642000000000015,104.70200000000007,0.0,0.0,0.0,0.0,0.0,0.0,0.0,0.0,0.0,0.0,0.0,0.0,0.0,0.0,0.0,0.0,0.0,2.0,0.0,0.0,0.0,0.0,0.0,0.0,0.0,3.0,0.0,0.0,0.0,0.0,0.0,0.0,0.0,0.0,2.0,0.0,0.0,0.0,0.0,0.0,0.0,0.0,0.0,0.0,3.0,0.0,0.0,0.0,0.0,0.0,0.0,0.0,0.0,0.0,0.0,0.0,0.0,0.0,0.0,0.0,0.0,0.0,0.0,0.0,0.0,0.0,0.0,0.0,0.0,0.0,0.0,0.0,0.0,0.0,1.0,0.0,0.0,0.0,0.0,0.0,0.0,0.0,0.0,0.0,0.0,0.58699,0.26763,-0.0018,0.0364,-0.0382,0.0142,0.0049,0.0094,0.082261,0.209579,3.18964551,1186.6192,0.61255301,-0.0304922,2316.13245,0.7134,1186.6192,0.158531,16.47,15.29,-0.7680653471,-0.4820298545,0.38888,-0.166346,0.154,0.1533,0.0006,-0.230851,-0.092057,4.82053446,0.0,0.0,392.99301,0.41360707,-0.5786952,-144.69792714,-75.3297028,11.672798,577.65189,0.8535,392.99301,0.301934,33.33,26.95,-0.6268104467
CC(C)(C)[C@H](N)C[NH2+]C(c1ccc(Br)cc1)c1ccc(Br)cc1.O=S(=O)([O-])C(F)(F)F,10.662037037037038,10.662037037037038,0.11158929621231217,-6.090277777777778,0.40130680553229864,13.516129032258064,590.3000000000003,565.1000000000004,587.9904725199999,174.0,0.0,0.485234805463619,-0.7411547731218965,0.7411547731218965,0.485234805463619,0.9354838709677419,1.2580645161290323,1.5161290322580645,79.91976191008928,9.867070056478223,2.364973981024438,-2.2727068297391813,2.2306883355571236,-2.8846636612220067,9.104488891785165,-0.6893800967026144,2.6225467334671375,5.121738613258773e-07,884.6277999864091,24.035169427003233,17.158125538363656,21.146615197520788,14.019875513468989,9.140958389225672,12.13520321880424,7.924561229099761,11.12707062703328,4.479808407867051,6.1040861434573666,2.4410935336965167,2.969759046734753,-0.9800000000000004,1882485.025656579,28.053311125916057,11.241459202396054,9.583030003793965,197.16395570498594,15.603205954858879,6.041840829147961,10.118126859033554,0.0,0.0,5.508330501264255,0.0,8.417796984328938,13.171245143024459,0.0,76.89656766881701,29.680458743243218,20.07234201505882,12.586597235060536,31.458580605050095,41.97801465493225,0.0,0.0,11.148657946558965,38.363223758632046,6.544756405912575,68.6032785627517,0.0,0.0,11.050456081168516,13.171245143024459,0.0,31.859887795898697,31.06547459434409,10.118126859033554,5.41499046939678,37.93995541161382,57.47637557935771,0.0,0.0,0.0,99.83,15.62645736029781,13.171245143024459,0.0,17.4986721276927,0.0,15.490195437577402,11.126902983393991,0.0,0.0,106.4788245466698,18.704214335181486,61.101294511631814,7.024511012559804,0.0,2.349596088435374,3.4000263500461925,0.0,17.49301471823297,0.0,7.471835096871623,-6.090277777777778,0.4,31.0,4.0,5.0,0.0,0.0,0.0,0.0,2.0,0.0,2.0,1.0,0.0,4.0,2.0,11.0,0.0,5.0,0.0,0.0,0.0,0.0,0.0,10.17290814561641,2.0,4.289200000000003,120.10200000000003,0.0,0.0,0.0,0.0,0.0,0.0,0.0,0.0,0.0,0.0,0.0,0.0,0.0,0.0,0.0,0.0,0.0,2.0,0.0,0.0,0.0,0.0,0.0,0.0,0.0,3.0,0.0,0.0,0.0,0.0,0.0,0.0,0.0,0.0,2.0,0.0,0.0,0.0,0.0,0.0,0.0,0.0,0.0,0.0,5.0,0.0,0.0,0.0,0.0,0.0,0.0,0.0,0.0,0.0,0.0,0.0,0.0,0.0,0.0,0.0,0.0,0.0,0.0,0.0,0.0,0.0,0.0,0.0,0.0,0.0,0.0,0.0,0.0,0.0,1.0,0.0,0.0,0.0,0.0,0.0,0.0,0.0,0.0,0.0,0.0,0.566688,0.294787,0.0019,0.0192,-0.0173,0.0111,0.0018,0.0094,0.039,0.223026,3.10946509,1384.97427,0.6398038,-0.0068895,2661.38754,0.6706,1384.97427,0.12169,47.1,11.33,-0.7623080349,-0.4819228056,0.38888,-0.166346,0.154,0.1533,0.0006,-0.230851,-0.092057,4.82053446,0.0,0.0,392.99301,0.41360707,-0.5786952,-144.69792714,-75.3297028,11.672798,577.65189,0.8535,392.99301,0.301934,33.33,26.95,-0.6268104467
CC(C)(C)[C@@H](N)C[NH+]1CCSCC1.O=S(=O)([O-])C(F)(F)F,10.662037037037038,10.662037037037038,0.261498015873016,-6.090277777777778,0.5413274787143444,19.61904761904762,352.444,329.26,352.110219256,128.0,0.0,0.485234805463619,-0.7411547731218965,0.7411547731218965,0.485234805463619,1.2380952380952381,1.619047619047619,1.9047619047619047,32.240217715569614,9.86948641349366,2.3647516995093083,-2.3161299266271342,2.199817719712551,-3.147288195705122,7.988600633019737,-0.897369734740893,2.267227765430249,4.3269229140985647e-07,401.9169661316183,16.89734122549854,12.365369315658988,13.99836247751444,9.24901856563989,6.43933805410723,9.002286882950344,5.938879941467061,8.53478315320879,3.1043401888745423,4.6568854580418755,1.4813893715520874,2.551538920568457,-0.03000000000000011,12796.233508088326,20.97,8.000907339326869,8.865685602962628,127.73674878319626,15.186327081703027,0.0,10.118126859033554,0.0,0.0,5.508330501264255,0.0,8.417796984328938,24.933130092415574,0.0,20.771211599071872,5.41499046939678,11.505707213493578,25.676110046885686,31.041701731894243,21.88001180842467,0.0,0.0,11.148657946558965,32.32138292948409,31.139976431231304,0.0,0.0,0.0,10.633577208012664,13.171245143024459,0.0,11.761884949391115,55.66069461966281,10.118126859033554,5.41499046939678,20.771211599071872,0.0,0.0,0.0,0.0,87.66,15.62645736029781,13.171245143024459,0.0,5.41499046939678,6.041840829147961,6.544756405912575,24.595220025318728,4.899909730850478,0.0,32.533096548462986,18.704214335181486,58.90277777777778,2.0715875377928947,1.6955324074074076,0.0,0.7696045918367354,2.6234051398337113,0.33851851851851833,0.0,10.438851804610733,-6.090277777777778,1.0,21.0,3.0,5.0,0.0,1.0,1.0,0.0,0.0,0.0,0.0,1.0,0.0,5.0,2.0,10.0,1.0,2.0,0.0,1.0,1.0,0.0,0.0,7.989477471699258,1.0,0.04290000000000127,76.07130000000004,0.0,0.0,0.0,0.0,0.0,0.0,0.0,0.0,0.0,0.0,0.0,0.0,0.0,0.0,0.0,0.0,1.0,1.0,0.0,0.0,0.0,0.0,0.0,0.0,0.0,3.0,0.0,0.0,0.0,0.0,0.0,0.0,0.0,0.0,0.0,0.0,0.0,0.0,0.0,0.0,0.0,0.0,0.0,0.0,3.0,0.0,0.0,0.0,0.0,0.0,0.0,0.0,0.0,0.0,0.0,0.0,0.0,0.0,0.0,0.0,0.0,0.0,0.0,0.0,0.0,0.0,0.0,0.0,0.0,0.0,0.0,0.0,0.0,0.0,1.0,1.0,0.0,0.0,0.0,0.0,0.0,0.0,0.0,0.0,0.0,0.590457,0.228314,-0.0009,0.0415,-0.0424,-0.0056,0.0009,-0.0065,0.057006,0.213795,3.68214249,875.46392,0.64359693,-0.0268916,1704.64672,0.7883,875.46392,0.151911,84.48,44.78,-0.7723517336,-0.332892026,0.38888,-0.166346,0.154,0.1533,0.0006,-0.230851,-0.092057,4.82053446,0.0,0.0,392.99301,0.41360707,-0.5786952,-144.69792714,-75.3297028,11.672798,577.65189,0.8535,392.99301,0.301934,33.33,26.95,-0.6268104467
CC(C)(C)[C@H](N)C[NH+]1CCCCC1.O=S(=O)([O-])C(F)(F)F,10.662037037037038,10.662037037037038,0.2683007369614514,-6.090277777777778,0.567903331589225,19.61904761904762,334.40399999999994,309.20399999999995,334.15379832,128.0,0.0,0.485234805463619,-0.7411547731218965,0.7411547731218965,0.485234805463619,1.1428571428571428,1.5238095238095237,1.8095238095238095,32.24019390802792,9.866634972264912,2.364744006085455,-2.317694871203904,2.199804106143213,-3.1393145766421533,7.8612287041044,-0.9059597450762122,2.267227765430249,4.3269229140985647e-07,398.95116392797473,16.89734122549854,12.664227806381673,13.4807243873094,9.24901856563989,6.861987784917604,8.270236075381465,6.387167677551088,7.758326017901228,3.4650942996410716,4.032041009154914,1.8730912923405387,1.8730912923405387,-0.38000000000000006,12796.233508088326,20.62,7.753329625173421,8.5959663934801,123.97858087222764,15.186327081703027,0.0,10.118126859033554,0.0,0.0,5.508330501264255,0.0,8.417796984328938,13.171245143024459,0.0,20.771211599071872,24.67745533817481,0.0,25.676110046885686,31.041701731894243,10.118126859033554,0.0,0.0,11.148657946558965,51.58384779826213,19.634269217737724,0.0,0.0,0.0,10.633577208012664,13.171245143024459,0.0,0.0,44.15498740616925,10.118126859033554,5.41499046939678,40.0336764678499,0.0,0.0,0.0,0.0,87.66,15.62645736029781,13.171245143024459,0.0,5.41499046939678,6.041840829147961,6.544756405912575,32.35197768060318,4.899909730850478,0.0,20.771211599071872,18.704214335181486,58.90277777777778,0.0,1.7163657407407409,0.0,0.7832100340136057,0.0,0.3477777777777775,4.214928902116402,10.541884212018141,-6.090277777777778,1.0,21.0,3.0,5.0,0.0,1.0,1.0,0.0,0.0,0.0,0.0,1.0,0.0,4.0,2.0,9.0,1.0,2.0,0.0,1.0,1.0,0.0,0.0,7.613031279575045,1.0,0.48000000000000065,72.59730000000003,0.0,0.0,0.0,0.0,0.0,0.0,0.0,0.0,0.0,0.0,0.0,0.0,0.0,0.0,0.0,0.0,1.0,1.0,0.0,0.0,1.0,0.0,0.0,0.0,0.0,3.0,0.0,0.0,0.0,0.0,0.0,0.0,0.0,0.0,0.0,0.0,0.0,0.0,0.0,0.0,0.0,0.0,0.0,0.0,3.0,0.0,0.0,0.0,0.0,0.0,0.0,0.0,0.0,0.0,0.0,0.0,0.0,0.0,0.0,0.0,0.0,0.0,0.0,0.0,0.0,0.0,0.0,0.0,0.0,1.0,0.0,0.0,0.0,0.0,1.0,0.0,0.0,0.0,0.0,0.0,0.0,0.0,0.0,0.0,0.0,0.619324,0.110795,0.0366,0.092,-0.0554,0.1804,0.0094,0.171,0.089044,0.20194,3.63779194,874.02646,0.63298047,-0.0501487,1697.97666,0.7875,874.02646,0.320685,31.19,26.35,-0.7799795681,-0.3305185161,0.38888,-0.166346,0.154,0.1533,0.0006,-0.230851,-0.092057,4.82053446,0.0,0.0,392.99301,0.41360707,-0.5786952,-144.69792714,-75.3297028,11.672798,577.65189,0.8535,392.99301,0.301934,33.33,26.95,-0.6268104467
COCC[NH+](CCOC)C[C@@H](N)C(C)(C)C.O=S(=O)([O-])C(F)(F)F,10.662037037037038,10.662037037037038,0.15812854308390012,-6.090277777777778,0.4366600692818209,14.291666666666666,382.445,353.213,382.17492768799997,148.0,0.0,0.485234805463619,-0.7411547731218965,0.7411547731218965,0.485234805463619,1.0833333333333333,1.4166666666666667,1.625,32.24019418197718,9.869356637232418,2.3647141960959717,-2.3003273193524842,2.1996336095627465,-3.1422503639615327,7.861230314654165,-0.9019315867929818,2.3854305632969437,0.0,416.30355328720844,19.604448006685086,14.77361760612285,15.590114187050576,10.663232128012986,7.255834635034955,8.66408292549882,6.3121060654247545,7.683264405774895,3.223913344743591,3.7908600542574327,1.4391138768706464,1.4391138768706464,-0.46,38119.18040148516,25.776436885361086,11.212623619640189,12.901634682602193,141.57644459916722,24.660052989303125,13.08951281182515,10.118126859033554,0.0,0.0,5.508330501264255,0.0,8.417796984328938,13.171245143024459,0.0,20.771211599071872,5.41499046939678,14.219595082555067,25.80036116408637,40.51542763949434,10.118126859033554,0.0,0.0,11.148657946558965,32.32138292948409,47.06762822931862,0.0,0.0,0.0,10.633577208012664,13.171245143024459,0.0,0.0,71.58834641775013,19.59185276663365,5.41499046939678,20.771211599071872,0.0,0.0,0.0,0.0,106.12,15.62645736029781,13.171245143024459,0.0,11.45683129854474,0.0,32.84803314676356,4.899909730850478,14.219595082555067,0.0,20.771211599071872,28.177940242781585,69.13679894179894,0.0,1.450115740740741,0.0,0.7049255952380955,0.0,0.20482615268329507,0.0,11.042763133030991,-2.622762896825397,1.0,24.0,3.0,7.0,0.0,0.0,0.0,0.0,0.0,0.0,0.0,1.0,0.0,6.0,2.0,11.0,0.0,8.0,0.0,0.0,0.0,0.0,0.0,12.042561877123513,0.0,-0.41109999999999447,82.49830000000004,0.0,0.0,0.0,0.0,0.0,0.0,0.0,0.0,0.0,0.0,0.0,0.0,0.0,0.0,0.0,0.0,1.0,1.0,0.0,0.0,0.0,0.0,0.0,0.0,0.0,3.0,0.0,0.0,0.0,0.0,0.0,0.0,0.0,0.0,0.0,0.0,0.0,0.0,0.0,0.0,0.0,2.0,0.0,0.0,3.0,0.0,0.0,0.0,0.0,0.0,0.0,0.0,0.0,0.0,0.0,2.0,0.0,0.0,0.0,0.0,0.0,0.0,0.0,0.0,0.0,0.0,0.0,0.0,0.0,0.0,0.0,0.0,0.0,0.0,1.0,0.0,0.0,0.0,0.0,0.0,0.0,0.0,0.0,0.0,0.0,0.590939,0.120809,0.1795,0.0028,0.1767,0.0003,0.1214,-0.1211,0.05884,0.191847,3.34972826,1052.51564,0.63096567,-0.0496236,2050.6225,0.7416,1052.51564,0.279936,51.7,26.53,-0.3139912137,-0.8052236276,0.38888,-0.166346,0.154,0.1533,0.0006,-0.230851,-0.092057,4.82053446,0.0,0.0,392.99301,0.41360707,-0.5786952,-144.69792714,-75.3297028,11.672798,577.65189,0.8535,392.99301,0.301934,33.33,26.95,-0.6268104467
CC(C)(C)[C@H](N)C[NH+]1CC(F)(F)C1.O=S(=O)([O-])C(F)(F)F,12.473600718065004,12.473600718065004,0.001296296296296573,-6.090277777777778,0.41827919079654263,21.047619047619047,342.33,323.17799999999994,342.103654568,128.0,0.0,0.485234805463619,-0.7411547731218965,0.7411547731218965,0.485234805463619,1.2380952380952381,1.5714285714285714,1.7619047619047619,32.24019399459922,9.863166480873911,2.492786866143723,-2.3833534475936555,2.2014129150299064,-3.2357095342943754,7.861228631598383,-0.9645330264691158,2.0987226748089416,4.3269229137860657e-07,436.58997045764204,17.276020881938898,11.798836408840483,12.61533298976821,8.95612534682644,5.947059039113379,7.355307329577241,6.036011951617959,7.407170291968099,2.9216953697736745,3.488642079287516,1.4412691874152406,1.4412691874152406,-0.52,6707.517668689377,20.48,6.306099881093938,7.3382387798257795,119.57976744928689,15.186327081703027,13.08951281182515,10.118126859033554,0.0,0.0,11.430859669358831,0.0,8.417796984328938,21.9520752383741,0.0,20.771211599071872,5.41499046939678,0.0,12.586597235060536,39.82253182724388,10.118126859033554,0.0,0.0,11.148657946558965,38.243912097578665,19.634269217737724,0.0,0.0,0.0,10.633577208012664,21.9520752383741,0.0,0.0,50.07751657426382,10.118126859033554,5.41499046939678,20.771211599071872,0.0,0.0,0.0,0.0,87.66,21.548986528392383,21.9520752383741,0.0,24.54634411036989,6.544756405912575,4.899909730850478,0.0,0.0,20.771211599071872,0.0,18.704214335181486,83.84997921390779,0.0,0.9235416666666669,0.0,0.24990504535147462,-2.437561885865457,-0.001296296296296573,0.0,6.6723767006802746,-6.090277777777778,1.0,21.0,3.0,5.0,0.0,1.0,1.0,0.0,0.0,0.0,0.0,1.0,0.0,4.0,2.0,11.0,1.0,2.0,0.0,1.0,1.0,0.0,0.0,6.149948836419231,1.0,-0.054999999999998606,63.69330000000003,0.0,0.0,0.0,0.0,0.0,0.0,0.0,0.0,0.0,0.0,0.0,0.0,0.0,0.0,0.0,0.0,1.0,1.0,0.0,0.0,1.0,0.0,0.0,0.0,0.0,5.0,0.0,0.0,0.0,0.0,0.0,0.0,0.0,0.0,0.0,0.0,0.0,0.0,0.0,0.0,0.0,0.0,0.0,0.0,5.0,0.0,0.0,0.0,0.0,0.0,0.0,0.0,0.0,0.0,0.0,0.0,0.0,0.0,0.0,0.0,0.0,0.0,0.0,0.0,0.0,0.0,0.0,0.0,0.0,0.0,0.0,0.0,0.0,0.0,1.0,0.0,0.0,0.0,0.0,0.0,0.0,0.0,0.0,0.0,0.0,0.644995,0.145347,0.1445,0.0129,0.1315,0.0847,0.1088,-0.0241,0.029176,0.237567,3.90060955,804.5652,0.67221313,-0.0157922,1483.80672,0.7819,804.5652,0.307901,40.88,21.84,-0.6325426788,-0.4376860735,0.38888,-0.166346,0.154,0.1533,0.0006,-0.230851,-0.092057,4.82053446,0.0,0.0,392.99301,0.41360707,-0.5786952,-144.69792714,-75.3297028,11.672798,577.65189,0.8535,392.99301,0.301934,33.33,26.95,-0.6268104467
C[NH+](C[C@@H](N)C(C)(C)C)c1ccncc1.O=S(=O)([O-])C(F)(F)F,10.662037037037038,10.662037037037038,0.16100233843537404,-6.090277777777778,0.6111357218596489,15.347826086956522,357.398,335.222,357.13339722399996,134.0,0.0,0.485234805463619,-0.7411547731218965,0.7411547731218965,0.485234805463619,1.2608695652173914,1.6521739130434783,1.9565217391304348,32.240194067448044,9.869664731069689,2.364659364805859,-2.2814689324446573,2.1999098648632534,-3.05584214720335,7.861231120554547,-0.8118351763920264,2.365410895918052,5.151666430961888e-07,571.6129198986836,18.474691494688166,13.385308572707395,14.20180515363512,10.15970216816285,6.665295719081671,8.073544009545532,6.092726321755949,7.463884662106089,3.0950650390023817,3.6620117485162234,1.3903390966009832,1.3903390966009832,-1.2300000000000004,32330.436125407934,21.77,8.042950678611586,8.256716489164662,133.80138575518097,15.186327081703027,5.687386274683562,10.118126859033554,0.0,0.0,5.508330501264255,4.9839785209472085,8.417796984328938,13.171245143024459,0.0,20.771211599071872,5.41499046939678,24.52642128014937,19.634269217737724,31.041701731894243,15.805513133717117,0.0,4.9839785209472085,11.148657946558965,32.32138292948409,13.592428388589765,24.52642128014937,0.0,0.0,10.633577208012664,18.858631417708022,0.0,0.0,43.097125097968494,10.118126859033554,5.41499046939678,20.771211599071872,24.52642128014937,0.0,0.0,0.0,100.55000000000001,15.62645736029781,13.171245143024459,0.0,11.45683129854474,0.0,6.544756405912575,10.58729600553404,0.0,24.52642128014937,32.802862102696274,18.704214335181486,58.90277777777778,0.0,5.344274022108843,0.0,1.9081673989040064,0.0,4.264597505668934,3.6417573696145125,7.472222222222221,-3.950462962962963,0.6153846153846154,23.0,3.0,6.0,0.0,0.0,0.0,0.0,0.0,1.0,1.0,2.0,0.0,5.0,2.0,10.0,1.0,3.0,0.0,0.0,0.0,0.0,1.0,7.61282766405975,1.0,0.6526000000000012,78.83330000000004,0.0,0.0,0.0,0.0,0.0,1.0,0.0,0.0,0.0,0.0,0.0,0.0,0.0,0.0,0.0,1.0,1.0,1.0,0.0,1.0,0.0,0.0,0.0,0.0,0.0,3.0,0.0,0.0,0.0,0.0,0.0,0.0,0.0,0.0,0.0,0.0,0.0,0.0,0.0,0.0,0.0,0.0,0.0,0.0,3.0,0.0,0.0,0.0,0.0,0.0,0.0,0.0,0.0,0.0,0.0,0.0,0.0,0.0,0.0,0.0,0.0,0.0,0.0,0.0,0.0,0.0,0.0,0.0,0.0,0.0,0.0,0.0,0.0,1.0,1.0,0.0,0.0,0.0,0.0,0.0,0.0,0.0,0.0,0.0,0.0,0.60067,0.277366,0.0105,0.0124,-0.0019,0.0021,0.0552,-0.0531,0.014398,0.207113,3.60702357,921.05901,0.63664187,-0.0198249,1743.59797,0.7606,921.05901,0.105049,58.82,22.15,-0.3148770363,-0.7695510743,0.38888,-0.166346,0.154,0.1533,0.0006,-0.230851,-0.092057,4.82053446,0.0,0.0,392.99301,0.41360707,-0.5786952,-144.69792714,-75.3297028,11.672798,577.65189,0.8535,392.99301,0.301934,33.33,26.95,-0.6268104467
C[NH+](C)C[C@@H](N)C12C[C@H]3C[C@@H](C1)C[C@@H](C2)C3.O=S(=O)([O-])C(F)(F)F,10.662037037037038,10.662037037037038,0.4499074074074072,-6.090277777777778,0.5646634167968964,36.416666666666664,372.453,345.23699999999997,372.16944838399996,142.0,0.0,0.485234805463619,-0.7411547731218965,0.7411547731218965,0.485234805463619,1.125,1.4583333333333333,1.7083333333333333,32.24019416491586,9.475292298528823,2.5330167949629097,-2.58292039495535,2.603105318263513,-3.0738711976917275,7.861232011455355,-0.8598290770416787,2.3377739222589518,2.239583220638028e-07,513.3735432826722,18.336498814253964,14.103385395137098,14.919881976064824,10.822117309046003,8.389775789685645,9.798024080149508,8.197516747104828,9.568675087454968,5.783805138682152,6.350751848195998,5.288090470164987,5.288090470164987,-0.38000000000000006,91208.249576933,19.938339986313494,6.7355806002556875,4.416949660010907,141.061744908359,15.186327081703027,0.0,10.118126859033554,0.0,0.0,5.508330501264255,0.0,8.417796984328938,13.171245143024459,0.0,0.0,61.69363834543702,0.0,26.681941200414915,31.041701731894243,10.118126859033554,0.0,0.0,28.902376085043144,50.075101067968276,20.640100371266954,0.0,0.0,0.0,10.633577208012664,13.171245143024459,0.0,0.0,45.16081855969848,10.118126859033554,23.16870860788096,38.524929737556064,0.0,0.0,0.0,0.0,87.66,15.62645736029781,13.171245143024459,0.0,0.0,11.45683129854474,24.298474544396754,43.42483946840653,0.0,0.0,14.09534396535438,18.704214335181486,58.90277777777778,0.0,1.516893896447468,0.0,1.4547222222222222,3.1096173469387747,0.4499074074074072,8.941184807256237,1.1588888888888889,-1.617325680272109,1.0,24.0,3.0,5.0,4.0,0.0,4.0,0.0,0.0,0.0,0.0,1.0,4.0,4.0,2.0,9.0,0.0,3.0,4.0,0.0,4.0,0.0,0.0,5.595679000546475,4.0,0.7260000000000002,82.01030000000004,0.0,0.0,0.0,0.0,0.0,0.0,0.0,0.0,0.0,0.0,0.0,0.0,0.0,0.0,0.0,0.0,1.0,1.0,0.0,1.0,0.0,0.0,0.0,0.0,0.0,3.0,0.0,0.0,0.0,0.0,0.0,0.0,0.0,0.0,0.0,0.0,0.0,0.0,0.0,0.0,0.0,0.0,0.0,0.0,3.0,0.0,0.0,0.0,0.0,0.0,0.0,0.0,0.0,0.0,0.0,0.0,0.0,0.0,0.0,0.0,0.0,0.0,0.0,0.0,0.0,0.0,0.0,0.0,0.0,0.0,0.0,0.0,0.0,0.0,1.0,0.0,0.0,0.0,0.0,0.0,0.0,0.0,0.0,0.0,0.0,0.580809,0.109199,0.1788,0.0085,0.1703,0.0589,0.0327,0.0261,0.071125,0.206829,3.44746187,931.86586,0.62507053,-0.0558772,1907.86552,0.7983,931.86586,0.284798,8.12,27.01,-0.3351531868,-0.7711284437,0.38888,-0.166346,0.154,0.1533,0.0006,-0.230851,-0.092057,4.82053446,0.0,0.0,392.99301,0.41360707,-0.5786952,-144.69792714,-75.3297028,11.672798,577.65189,0.8535,392.99301,0.301934,33.33,26.95,-0.6268104467
N[C@@H]1CCCC[C@H]1[NH+](Cc1ccccc1)Cc1ccccc1.O=S(=O)([N-]S(=O)(=O)C(F)(F)F)C(F)(F)F,11.438425925925927,11.438425925925927,0.34368008314436893,-6.721527777777777,0.4903279975993001,19.243243243243242,575.5970000000003,548.3810000000002,575.1347176639998,208.0,0.0,0.4802902001629027,-0.4206749315142703,0.4802902001629027,0.4206749315142703,0.7297297297297297,1.1081081081081081,1.4594594594594594,32.289045941080325,9.889345576585526,2.465160627055829,-2.35334356459794,2.356949518998461,-3.1477207503394915,8.12503093093759,-0.9537738385815713,2.7864680465968035,2.8327271457091087e-07,1108.9168912614198,27.90756662611944,19.41268436292293,21.045677524778384,17.033606621681468,11.081375897436544,13.961502555037827,8.453953290919317,11.876323544004446,5.6730464817716495,8.413028548515763,3.9209120937471487,5.630494387590063,-2.1999999999999997,48307859.64488577,31.02034268593364,12.563187352303036,9.246210612880885,211.30226922273886,14.760978332910508,19.13135364097311,20.046582306815168,0.0,0.0,11.01666100252851,0.0,16.835593968657875,26.34249028604892,0.0,67.0844923075421,12.841643245852019,17.54772460632,6.041840829147961,48.07799398555728,20.046582306815168,0.0,0.0,5.733667477162185,61.873141964353614,0.0,75.91797479290794,0.0,0.0,10.633577208012664,26.34249028604892,0.0,0.0,39.935936629482306,33.13609511864032,0.0,36.81018947509803,60.6636706846161,0.0,4.127401124897844,0.0,112.83999999999997,31.063243309343676,43.1780842547068,0.0,0.0,12.083681658295921,17.216913936722996,36.81018947509803,4.899909730850478,0.0,60.6636706846161,5.733667477162185,109.1825,0.0,1.6153703703703706,0.0,-3.122713844797177,0.0,22.584186980347695,5.0565276203073815,2.1271844293272864,-13.443055555555553,0.45454545454545453,37.0,3.0,7.0,1.0,0.0,1.0,0.0,2.0,0.0,2.0,2.0,0.0,5.0,2.0,15.0,0.0,7.0,1.0,0.0,1.0,0.0,0.0,10.532820997189932,3.0,3.600900000000002,124.79470000000005,0.0,0.0,0.0,0.0,0.0,0.0,0.0,0.0,0.0,0.0,0.0,0.0,0.0,0.0,0.0,1.0,1.0,1.0,0.0,0.0,0.0,0.0,0.0,0.0,0.0,6.0,0.0,0.0,0.0,0.0,0.0,0.0,0.0,0.0,2.0,0.0,0.0,0.0,0.0,0.0,0.0,0.0,0.0,0.0,6.0,0.0,0.0,0.0,0.0,0.0,0.0,0.0,0.0,0.0,0.0,0.0,0.0,0.0,0.0,0.0,0.0,0.0,0.0,0.0,0.0,0.0,0.0,0.0,0.0,0.0,0.0,0.0,0.0,0.0,1.0,0.0,2.0,0.0,0.0,0.0,0.0,0.0,0.0,0.0,0.0,0.585421,0.272215,0.0155,0.0042,0.0114,-0.0054,0.0397,-0.045,0.084197,0.175448,3.18091755,1203.88148,0.61412454,-0.0289387,2366.07469,0.7133,1203.88148,0.167327,14.54,12.31,-0.3212516222,-0.7925800144,0.410068,-0.060907,0.0642,0.1155,-0.0513,-0.202296,-0.041391,3.8590229,0.0,0.0,619.86031,0.47395773,-0.486037,-126.83975138,-29.34364298,14.809501,1047.61088,0.8047,619.86031,0.260698,43.25,13.88,-0.7706527667
CC(C)(C)[C@H](N)C[NH+]1CCC(Cl)CC1.O=S(=O)([O-])C(F)(F)F,10.662037037037038,10.662037037037038,0.22699723639455804,-6.090277777777778,0.42641098876240546,25.136363636363637,368.849,344.65700000000004,368.11482596799993,134.0,0.0,0.485234805463619,-0.7411547731218965,0.7411547731218965,0.485234805463619,1.2727272727272727,1.6363636363636365,1.9090909090909092,35.495745232832995,9.8664929650568,2.3649458840664144,-2.3283282725866417,2.200179409192135,-3.1432297820729835,7.861231171676868,-0.9057211333540566,2.287012849485078,4.724999791486618e-07,429.8778849670687,17.76758471350162,12.912435767393978,14.48486129434016,9.642865415757242,6.896702256081323,8.741386327017171,6.501139609479889,8.489511349678397,3.5266822243424665,4.530064714328295,1.8121335451550993,2.030351435391091,-0.09000000000000011,18350.991104268265,21.910000000000004,8.140347495860782,8.518402057890032,134.28184709910929,15.186327081703027,0.0,10.118126859033554,0.0,0.0,5.508330501264255,0.0,8.417796984328938,13.171245143024459,11.600939890232516,20.771211599071872,5.41499046939678,18.218731114057746,25.676110046885686,31.041701731894243,21.71906674926607,0.0,0.0,11.148657946558965,50.540114043541834,19.634269217737724,0.0,0.0,0.0,10.633577208012664,13.171245143024459,0.0,11.600939890232516,49.53207527437497,10.118126859033554,5.41499046939678,33.61285484492389,0.0,0.0,0.0,0.0,87.66,15.62645736029781,13.171245143024459,0.0,5.41499046939678,11.418928697353685,19.386399651764595,13.08951281182515,4.899909730850478,0.0,20.771211599071872,30.305154225414,58.90277777777778,6.063819615037373,1.6290046296296299,0.40704743008314426,0.7435717828798198,0.0,0.29571806500377895,2.2931582262534644,10.116291362223901,-6.090277777777778,1.0,22.0,3.0,5.0,0.0,1.0,1.0,0.0,0.0,0.0,0.0,1.0,0.0,4.0,2.0,10.0,1.0,2.0,0.0,1.0,1.0,0.0,0.0,8.107046074286806,1.0,0.6973000000000009,77.62130000000005,0.0,0.0,0.0,0.0,0.0,0.0,0.0,0.0,0.0,0.0,0.0,0.0,0.0,0.0,0.0,0.0,1.0,1.0,0.0,0.0,1.0,0.0,0.0,0.0,0.0,4.0,0.0,0.0,0.0,0.0,0.0,0.0,0.0,0.0,0.0,0.0,0.0,0.0,0.0,0.0,0.0,0.0,0.0,0.0,4.0,0.0,0.0,0.0,0.0,0.0,0.0,0.0,0.0,0.0,0.0,0.0,0.0,0.0,0.0,0.0,0.0,0.0,0.0,0.0,0.0,0.0,0.0,0.0,0.0,1.0,0.0,0.0,0.0,0.0,1.0,0.0,0.0,0.0,0.0,0.0,0.0,0.0,0.0,0.0,0.0,0.6068,0.17572,0.0258,0.009,0.0168,0.0039,0.0785,-0.0746,0.081193,0.20508,3.58026025,910.2303,0.63701054,-0.0317645,1780.79137,0.7806,910.2303,0.249204,71.98,44.84,-0.3287933151,-0.7809475111,0.38888,-0.166346,0.154,0.1533,0.0006,-0.230851,-0.092057,4.82053446,0.0,0.0,392.99301,0.41360707,-0.5786952,-144.69792714,-75.3297028,11.672798,577.65189,0.8535,392.99301,0.301934,33.33,26.95,-0.6268104467
CC(C)(C)[C@H](N)C[NH2+]C(c1ccc(Cl)cc1)c1ccc(Cl)cc1.O=S(=O)([O-])C(F)(F)F,10.662037037037038,10.662037037037038,0.08436707399008969,-6.090277777777778,0.47672510108157784,13.516129032258064,501.39800000000014,476.1980000000001,500.0915036799999,174.0,0.0,0.485234805463619,-0.7411547731218965,0.7411547731218965,0.485234805463619,0.9354838709677419,1.2580645161290323,1.5161290322580645,35.49678580113099,9.867048568778037,2.364977219992644,-2.2726126374056737,2.2282173764389617,-2.88465970056755,7.861242771820983,-0.6893780865247601,2.6225467334671375,5.121738613258773e-07,884.6277999864091,24.035169427003233,17.158125538363656,19.48648001132829,14.019875513468989,9.140958389225672,11.30513562570799,7.924561229099761,10.168591130393871,4.479808407867051,5.5507077480598666,2.4410935336965167,2.6930698490360028,-1.3600000000000003,1882485.025656579,27.67373819163293,10.979959019025962,9.343818011174235,190.03539294746656,15.603205954858879,6.041840829147961,10.118126859033554,0.0,0.0,5.508330501264255,0.0,8.417796984328938,13.171245143024459,0.0,68.23855965338335,29.680458743243218,21.172169610876644,12.586597235060536,31.458580605050095,33.32000663949859,0.0,0.0,11.148657946558965,38.363223758632046,6.544756405912575,69.70310615856953,0.0,0.0,11.050456081168516,13.171245143024459,0.0,23.20187978046503,31.06547459434409,10.118126859033554,5.41499046939678,37.93995541161382,48.53093654769288,10.045266627482652,0.0,0.0,99.83,15.62645736029781,13.171245143024459,0.0,17.4986721276927,0.0,16.590023033395227,11.126902983393991,0.0,24.26546827384644,50.35346847692464,41.90609411564652,58.90277777777778,12.045709115219395,0.0,3.784779488956077,3.181137461157303,0.0,16.286288895187703,0.0,7.361807261701743,-6.090277777777778,0.4,31.0,4.0,5.0,0.0,0.0,0.0,0.0,2.0,0.0,2.0,1.0,0.0,4.0,2.0,11.0,0.0,5.0,0.0,0.0,0.0,0.0,0.0,9.801822943463973,2.0,4.071000000000003,114.72200000000004,0.0,0.0,0.0,0.0,0.0,0.0,0.0,0.0,0.0,0.0,0.0,0.0,0.0,0.0,0.0,0.0,0.0,2.0,0.0,0.0,0.0,0.0,0.0,0.0,0.0,3.0,0.0,0.0,0.0,0.0,0.0,0.0,0.0,0.0,2.0,0.0,0.0,0.0,0.0,0.0,0.0,0.0,0.0,0.0,5.0,0.0,0.0,0.0,0.0,0.0,0.0,0.0,0.0,0.0,0.0,0.0,0.0,0.0,0.0,0.0,0.0,0.0,0.0,0.0,0.0,0.0,0.0,0.0,0.0,0.0,0.0,0.0,0.0,0.0,1.0,0.0,0.0,0.0,0.0,0.0,0.0,0.0,0.0,0.0,0.0,0.567551,0.286317,0.0126,0.0027,0.0099,-0.0012,0.0148,-0.016,0.05638,0.212332,3.11875268,1276.96419,0.62076989,-0.0032157,2488.84279,0.6955,1276.96419,0.13014,35.95,14.61,-0.4861537864,-0.7626191072,0.38888,-0.166346,0.154,0.1533,0.0006,-0.230851,-0.092057,4.82053446,0.0,0.0,392.99301,0.41360707,-0.5786952,-144.69792714,-75.3297028,11.672798,577.65189,0.8535,392.99301,0.301934,33.33,26.95,-0.6268104467
CC(C)(C)[C@H](N)C[NH2+]C(c1cc(F)cc(F)c1)c1cc(F)cc(F)c1.O=S(=O)([O-])C(F)(F)F,13.62401706979088,13.62401706979088,0.17914115646258533,-6.090277777777778,0.37081631304141605,13.484848484848484,504.46800000000013,481.2840000000001,504.1317611359999,186.0,0.0,0.485234805463619,-0.7411547731218965,0.7411547731218965,0.485234805463619,0.8484848484848485,1.1515151515151516,1.393939393939394,32.24019502398168,9.866704068174748,2.365218744883888,-2.2729352531450493,2.232276755007752,-2.8850134008708124,7.861239929829376,-0.6894341355592277,2.5769062685715802,5.824499347995566e-07,962.5995155023817,25.77565640300939,17.759353946002854,18.57585052693058,14.807569213703692,9.340290067280817,10.74853835774468,8.227022413356185,9.598180753706325,4.5095673346203,5.076514044134146,2.610306331335402,2.610306331335402,-2.2199999999999993,3459689.933527489,28.81248862897986,10.804731568453922,9.274262662504896,186.09100210540817,15.603205954858879,29.31072419333154,10.118126859033554,0.0,0.0,5.508330501264255,0.0,25.979457175028216,13.171245143024459,0.0,20.771211599071872,29.680458743243218,23.259637120317212,12.586597235060536,49.02024079574938,10.118126859033554,0.0,0.0,11.148657946558965,38.363223758632046,6.544756405912575,70.79398875834723,0.0,0.0,11.050456081168516,30.732905333723743,0.0,0.0,31.06547459434409,10.118126859033554,28.68387383358036,37.93995541161382,36.39820241076966,0.0,0.0,0.0,99.83,44.93718155362935,30.732905333723743,0.0,22.58373428193873,6.544756405912575,36.39820241076966,0.0,5.316788604006331,20.771211599071872,0.0,18.704214335181486,113.3988460569413,0.0,0.0,1.7483564814814816,0.8845115268329566,-2.9800190539178635,5.2716263542454005,0.0,6.35028974552784,-6.090277777777778,0.4,33.0,4.0,5.0,0.0,0.0,0.0,0.0,2.0,0.0,2.0,1.0,0.0,4.0,2.0,13.0,0.0,5.0,0.0,0.0,0.0,0.0,0.0,9.433672892583587,2.0,3.3206000000000016,104.53400000000003,0.0,0.0,0.0,0.0,0.0,0.0,0.0,0.0,0.0,0.0,0.0,0.0,0.0,0.0,0.0,0.0,0.0,2.0,0.0,0.0,0.0,0.0,0.0,0.0,0.0,3.0,0.0,0.0,0.0,0.0,0.0,0.0,0.0,0.0,2.0,0.0,0.0,0.0,0.0,0.0,0.0,0.0,0.0,0.0,7.0,0.0,0.0,0.0,0.0,0.0,0.0,0.0,0.0,0.0,0.0,0.0,0.0,0.0,0.0,0.0,0.0,0.0,0.0,0.0,0.0,0.0,0.0,0.0,0.0,0.0,0.0,0.0,0.0,0.0,1.0,0.0,0.0,0.0,0.0,0.0,0.0,0.0,0.0,0.0,0.0,0.608036,0.303674,0.0103,0.0045,0.0058,-0.0005,0.0236,-0.0241,0.023548,0.222445,3.34754525,1246.95507,0.6519235,-0.0085404,2396.58343,0.6945,1246.95507,0.148107,18.03,14.55,-0.491580003,-0.7484259445,0.38888,-0.166346,0.154,0.1533,0.0006,-0.230851,-0.092057,4.82053446,0.0,0.0,392.99301,0.41360707,-0.5786952,-144.69792714,-75.3297028,11.672798,577.65189,0.8535,392.99301,0.301934,33.33,26.95,-0.6268104467
CC(C)(C)[NH2+]C[C@@H](N)C(C)(C)C.O=C([O-])C(F)(F)F,10.516203703703704,10.516203703703704,0.22395833333333326,-5.194444444444445,0.7505123840674007,14.421052631578947,286.33799999999997,261.138,286.1868127,116.0,0.0,0.4302922167488184,-0.541726828036536,0.541726828036536,0.4302922167488184,1.1578947368421053,1.4736842105263157,1.631578947368421,19.413486794423907,9.868419121985601,2.284440033540503,-2.2798562613932436,2.152377239718065,-2.963407007280707,5.702484065913237,-0.7189181122063932,2.101717136844865,0.0,278.1697579490292,16.068914100752348,12.389547588710833,12.389547588710833,8.071202757815641,5.952375183428389,5.952375183428389,6.563586833098339,6.563586833098339,2.3279849202181975,2.3279849202181975,0.8340737280294038,0.8340737280294038,-0.8200000000000003,2759.554600677308,20.496663126966254,7.093633435767636,13.412828870779975,112.1015603813607,20.951520660081044,5.969305287951849,0.0,0.0,0.0,6.176298517443475,0.0,0.0,13.171245143024459,0.0,20.771211599071872,26.186202068468653,0.0,18.12552248744388,28.389098325943323,5.969305287951849,0.0,0.0,11.148657946558965,59.29948779711852,6.544756405912575,0.0,0.0,0.0,16.156983476009223,13.171245143024459,0.0,0.0,30.271126292839202,4.794537184071822,5.41499046939678,41.54242319814374,0.0,0.0,0.0,0.0,82.75999999999999,12.145603805395325,13.171245143024459,0.0,11.45683129854474,5.538925252383345,6.544756405912575,0.0,0.0,0.0,46.85921180215007,15.634732056074713,31.548611111111114,0.0,8.784722222222221,11.093171296296296,6.545138888888889,-3.0069444444444438,0.27474537037036995,-5.194444444444445,14.205000000000002,0.0,0.9166666666666666,19.0,4.0,4.0,0.0,0.0,0.0,0.0,0.0,0.0,0.0,1.0,0.0,3.0,2.0,7.0,0.0,2.0,0.0,0.0,0.0,0.0,0.0,7.6524113094270225,0.0,0.020300000000002427,65.03780000000003,1.0,0.0,0.0,0.0,0.0,0.0,0.0,0.0,1.0,1.0,1.0,1.0,0.0,0.0,0.0,0.0,0.0,2.0,0.0,0.0,0.0,0.0,0.0,0.0,0.0,3.0,0.0,0.0,0.0,0.0,0.0,0.0,0.0,0.0,0.0,0.0,0.0,0.0,0.0,0.0,0.0,0.0,0.0,0.0,3.0,0.0,0.0,0.0,0.0,0.0,0.0,0.0,0.0,0.0,0.0,0.0,0.0,0.0,0.0,0.0,0.0,0.0,0.0,0.0,0.0,0.0,0.0,0.0,0.0,0.0,0.0,0.0,0.0,0.0,1.0,0.0,0.0,0.0,0.0,0.0,0.0,0.0,0.0,0.0,0.0,0.628291,0.119325,0.1788,0.0133,0.1655,0.0388,0.095,-0.0562,0.089907,0.217771,3.68956155,856.03486,0.63287557,-0.0500633,1654.38886,0.7902,856.03486,0.316422,26.86,26.21,-0.4924357304,-0.7740298942,0.361153,-0.134642,0.2565,0.2453,0.0113,-0.24225,-0.120876,5.20140834,0.0,0.0,341.02937,0.40544164,-0.3321125,-139.74885424,-83.61896042,9.343945,469.9457,0.8572,341.02937,0.194728,24.5,34.13,-0.4884777784
N[C@H](C[NH+]1CCOCC1)c1ccccc1.O=S(=O)([O-])C(F)(F)F,10.662037037037038,10.662037037037038,0.15212962962962906,-6.090277777777778,0.5701794085432779,17.956521739130434,356.36600000000004,337.21399999999994,356.101762748,132.0,0.0,0.485234805463619,-0.7411547731218965,0.7411547731218965,0.485234805463619,1.2173913043478262,1.6956521739130435,2.130434782608696,32.24019408700065,10.07835947201246,2.3645290917792923,-2.258446202919501,2.1991349375898466,-3.143078886947932,7.861231237241714,-0.9089714780193432,2.4760058209708853,2.836666528273758e-07,560.3324055999096,17.510225400620904,12.252120661607117,13.068617242534843,10.610173345306137,6.850021656630188,8.25826994709405,4.983538140205581,6.354696480555721,3.219692594715986,3.7866393042298276,1.993287077299861,1.993287077299861,-1.2000000000000004,73408.62058014481,19.84587155963303,8.595918367346938,7.269839009532851,132.3245097358155,19.923190035503076,13.08951281182515,10.118126859033554,0.0,0.0,5.508330501264255,0.0,8.417796984328938,13.171245143024459,0.0,30.33183534230805,5.563451491696996,0.0,25.80036116408637,35.77856468569429,10.118126859033554,0.0,0.0,5.733667477162185,11.550171330412216,32.84803314676356,35.89528683400505,0.0,0.0,10.633577208012664,13.171245143024459,0.0,0.0,51.32691050604712,14.854989812833603,0.0,11.605292320844956,30.33183534230805,0.0,0.0,0.0,96.89,15.62645736029781,13.171245143024459,0.0,6.041840829147961,0.0,32.84803314676356,5.563451491696996,4.899909730850478,18.19910120538483,12.13273413692322,23.441077288981536,64.22811366213152,0.0,1.5533361678004538,0.0,1.751215041572185,0.0,10.472169942050893,0.0,4.918776297556059,-6.090277777777778,0.5384615384615384,23.0,3.0,6.0,0.0,1.0,1.0,0.0,1.0,0.0,1.0,1.0,0.0,5.0,2.0,10.0,1.0,3.0,0.0,1.0,1.0,0.0,0.0,7.417108341541643,2.0,-0.3470999999999995,75.50530000000002,0.0,0.0,0.0,0.0,0.0,0.0,0.0,0.0,0.0,0.0,0.0,0.0,0.0,0.0,0.0,0.0,1.0,1.0,0.0,0.0,0.0,0.0,0.0,0.0,0.0,3.0,0.0,0.0,0.0,0.0,0.0,0.0,0.0,0.0,1.0,0.0,0.0,0.0,0.0,0.0,0.0,1.0,0.0,0.0,3.0,0.0,0.0,0.0,0.0,0.0,0.0,0.0,0.0,0.0,0.0,0.0,1.0,0.0,0.0,0.0,0.0,0.0,0.0,0.0,0.0,0.0,0.0,0.0,0.0,0.0,0.0,0.0,0.0,0.0,1.0,0.0,0.0,0.0,0.0,0.0,0.0,0.0,0.0,0.0,0.0,0.605811,0.234064,0.0224,0.0068,0.0156,0.0246,0.0531,-0.0284,0.038668,0.214059,3.59132692,883.5821,0.6423382,-0.0043906,1618.95578,0.7546,883.5821,0.173807,22.12,22.12,-0.3259076226,-0.7700567487,0.38888,-0.166346,0.154,0.1533,0.0006,-0.230851,-0.092057,4.82053446,0.0,0.0,392.99301,0.41360707,-0.5786952,-144.69792714,-75.3297028,11.672798,577.65189,0.8535,392.99301,0.301934,33.33,26.95,-0.6268104467
CC(C)(C)[C@H](N)C[NH+]1CCC(F)(F)C1.O=S(=O)([O-])C(F)(F)F,12.879850718065004,12.879850718065004,0.004837018140589677,-6.090277777777778,0.42420922931771066,23.636363636363637,356.35699999999997,335.18899999999996,356.119304632,134.0,0.0,0.485234805463619,-0.7411547731218965,0.7411547731218965,0.485234805463619,1.2727272727272727,1.6818181818181819,1.9090909090909092,32.24019407425398,9.87028208376643,2.4264580595325675,-2.2818842794001517,2.205039553109843,-3.1198754947187424,7.861229379631718,-0.8922217155613549,2.5395319771024876,4.7249998000178667e-07,459.32843872413656,17.983127663125444,12.50594319002703,13.322439770954757,9.45612534682644,6.447059039113379,7.855307329577241,6.3592352563213215,7.730393596671462,3.257377071211986,3.8243237807258277,1.6936130963717888,1.6936130963717888,-0.52,16405.37657208207,21.48,6.933251571222822,7.6548719091111606,125.94470956368349,15.186327081703027,6.544756405912575,10.118126859033554,0.0,0.0,11.430859669358831,0.0,17.198627079678577,13.171245143024459,0.0,20.771211599071872,5.41499046939678,0.0,25.55217526389912,39.82253182724388,10.118126859033554,0.0,0.0,11.148657946558965,44.66473372050468,19.634269217737724,0.0,0.0,0.0,10.633577208012664,21.9520752383741,0.0,0.0,50.07751657426382,10.118126859033554,5.41499046939678,27.19203322199788,0.0,0.0,0.0,0.0,87.66,21.548986528392383,21.9520752383741,0.0,24.422409327383324,13.08951281182515,4.899909730850478,0.0,0.0,20.771211599071872,0.0,18.704214335181486,84.66247921390779,0.0,0.9420601851851855,0.0,0.3124050453514746,-2.465339663643235,-0.007962962962963172,0.013091458805744693,7.3002111678004535,-6.090277777777778,1.0,22.0,3.0,5.0,0.0,1.0,1.0,0.0,0.0,0.0,0.0,2.0,0.0,4.0,2.0,11.0,1.0,2.0,0.0,1.0,1.0,0.0,1.0,6.76937471590301,1.0,0.3351000000000011,68.31030000000003,0.0,0.0,0.0,0.0,0.0,0.0,0.0,0.0,0.0,0.0,0.0,0.0,0.0,0.0,0.0,0.0,1.0,1.0,0.0,0.0,1.0,0.0,0.0,0.0,0.0,5.0,0.0,0.0,0.0,0.0,0.0,0.0,0.0,0.0,0.0,0.0,0.0,0.0,0.0,0.0,0.0,0.0,0.0,0.0,5.0,0.0,0.0,0.0,0.0,0.0,0.0,0.0,0.0,0.0,0.0,0.0,0.0,0.0,0.0,0.0,0.0,0.0,0.0,0.0,0.0,0.0,0.0,0.0,0.0,0.0,0.0,0.0,0.0,0.0,1.0,0.0,0.0,0.0,0.0,0.0,0.0,0.0,0.0,0.0,0.0,0.634545,0.128931,0.0754,0.1101,-0.0347,0.163,0.0165,0.1465,0.027975,0.232481,3.7924382,853.19437,0.66318373,-0.0227757,1610.8466,0.7789,853.19437,0.310672,36.14,25.97,-0.4297137421,-0.6400170334,0.38888,-0.166346,0.154,0.1533,0.0006,-0.230851,-0.092057,4.82053446,0.0,0.0,392.99301,0.41360707,-0.5786952,-144.69792714,-75.3297028,11.672798,577.65189,0.8535,392.99301,0.301934,33.33,26.95,-0.6268104467
[NH3+][C@@H]1CCCC[C@H]1NC(=O)C(F)(F)F.O=S(=O)([O-])C(F)(F)F,11.89877054988662,11.89877054988662,0.1018055555555557,-6.090277777777778,0.39681188300356296,23.272727272727273,360.276,346.164,360.057847248,132.0,0.0,0.485234805463619,-0.7411547731218965,0.7411547731218965,0.485234805463619,1.0909090909090908,1.5,1.8181818181818181,32.24019413194992,9.908486732145219,2.409256164034021,-2.2636428901721932,2.2039743897226853,-2.7056196321925587,7.861230311231582,-0.4301502810374504,2.2861607241068755,4.724999803955366e-07,475.4788280241411,17.767584713501616,10.999262734686665,11.815759315614391,9.65970216816285,5.88889504881128,7.297143339275142,4.522115444088888,5.893273784439026,2.7665062293592135,3.333452938873055,1.647900442028571,1.647900442028571,-1.0800000000000005,18693.936241021922,20.919999999999995,7.45851946934793,7.264413644546217,121.33191135126495,15.603205954858879,6.041840829147961,10.118126859033554,0.0,0.0,17.591808748059236,4.794537184071822,8.417796984328938,26.34249028604892,0.0,6.4208216229260096,12.841643245852019,6.4208216229260096,6.041840829147961,49.84124180530223,16.02530658838506,0.0,5.316788604006331,0.0,49.45159716870769,0.0,0.0,0.0,0.0,11.050456081168516,26.34249028604892,0.0,0.0,42.64603726437446,14.912664043105377,0.0,25.683286491704038,0.0,0.0,0.0,0.0,113.94,33.751776436240746,31.137027470120742,0.0,6.041840829147961,6.4208216229260096,19.26246486877803,0.0,0.0,5.316788604006331,5.733667477162185,12.9705468580193,94.59908942743763,0.0,10.614467120181406,1.9821296296296296,-1.913853930461073,-1.8490277777777775,-0.520439814814815,-1.5720868764172335,0.0,-6.090277777777778,0.8888888888888888,22.0,4.0,6.0,1.0,0.0,1.0,1.0,0.0,0.0,0.0,2.0,0.0,4.0,2.0,13.0,0.0,1.0,1.0,0.0,1.0,0.0,0.0,7.092373968125394,1.0,0.2693999999999997,58.882000000000005,0.0,0.0,0.0,0.0,0.0,0.0,0.0,0.0,0.0,0.0,1.0,1.0,0.0,0.0,0.0,0.0,1.0,0.0,0.0,0.0,0.0,0.0,0.0,0.0,0.0,6.0,0.0,1.0,0.0,0.0,0.0,0.0,0.0,0.0,0.0,0.0,0.0,0.0,0.0,0.0,0.0,0.0,0.0,0.0,6.0,0.0,0.0,0.0,0.0,0.0,0.0,0.0,0.0,0.0,0.0,0.0,0.0,0.0,0.0,0.0,0.0,0.0,0.0,0.0,0.0,0.0,0.0,0.0,0.0,0.0,0.0,0.0,0.0,0.0,1.0,0.0,0.0,0.0,0.0,0.0,0.0,0.0,0.0,0.0,0.0,0.664796,0.284072,0.1311,0.0254,0.1057,0.0062,0.0173,-0.0111,0.042016,0.242317,4.00401124,749.50171,0.70522935,0.017937,1337.53339,0.7833,749.50171,0.153037,14.43,35.19,-0.4610653518,-0.6411797172,0.38888,-0.166346,0.154,0.1533,0.0006,-0.230851,-0.092057,4.82053446,0.0,0.0,392.99301,0.41360707,-0.5786952,-144.69792714,-75.3297028,11.672798,577.65189,0.8535,392.99301,0.301934,33.33,26.95,-0.6268104467
CC(C)(C)[C@H](N)C[NH+]1CCOCC1.O=S(=O)([O-])C(F)(F)F,10.662037037037038,10.662037037037038,0.2274844104308391,-6.090277777777778,0.5147242419103127,19.61904761904762,336.376,313.19199999999995,336.133062876,128.0,0.0,0.485234805463619,-0.7411547731218965,0.7411547731218965,0.485234805463619,1.2380952380952381,1.619047619047619,1.9047619047619047,32.24019392975629,9.86908909501858,2.364753243970107,-2.317035754324649,2.1996330176334253,-3.1515861188892886,7.861228565749797,-0.9090642095065586,2.267227765430249,4.3269229140985647e-07,400.6718536337818,16.89734122549854,12.365369315658988,13.181865896586714,9.24901856563989,6.43933805410723,7.847586344571092,5.938879941467061,7.310038281817201,3.1043401888745423,3.671286898388384,1.4813893715520874,1.4813893715520874,-0.42000000000000004,12796.233508088326,20.58,7.725165058166139,8.56525852361031,122.7271839873379,19.923190035503076,13.08951281182515,10.118126859033554,0.0,0.0,5.508330501264255,0.0,8.417796984328938,13.171245143024459,0.0,20.771211599071872,5.41499046939678,0.0,25.80036116408637,35.77856468569429,10.118126859033554,0.0,0.0,11.148657946558965,32.32138292948409,32.84803314676356,0.0,0.0,0.0,10.633577208012664,13.171245143024459,0.0,0.0,57.36875133519508,14.854989812833603,5.41499046939678,20.771211599071872,0.0,0.0,0.0,0.0,96.89,15.62645736029781,13.171245143024459,0.0,5.41499046939678,6.041840829147961,32.84803314676356,0.0,4.899909730850478,0.0,20.771211599071872,23.441077288981536,64.20801752645502,0.0,1.5913657407407409,0.0,0.7015773809523811,0.0,0.29222222222222194,0.0,11.713761574074073,-6.090277777777778,1.0,21.0,3.0,6.0,0.0,1.0,1.0,0.0,0.0,0.0,0.0,1.0,0.0,5.0,2.0,10.0,1.0,2.0,0.0,1.0,1.0,0.0,0.0,7.570661757002816,1.0,-0.6736999999999971,69.56530000000004,0.0,0.0,0.0,0.0,0.0,0.0,0.0,0.0,0.0,0.0,0.0,0.0,0.0,0.0,0.0,0.0,1.0,1.0,0.0,0.0,0.0,0.0,0.0,0.0,0.0,3.0,0.0,0.0,0.0,0.0,0.0,0.0,0.0,0.0,0.0,0.0,0.0,0.0,0.0,0.0,0.0,1.0,0.0,0.0,3.0,0.0,0.0,0.0,0.0,0.0,0.0,0.0,0.0,0.0,0.0,0.0,1.0,0.0,0.0,0.0,0.0,0.0,0.0,0.0,0.0,0.0,0.0,0.0,0.0,0.0,0.0,0.0,0.0,0.0,1.0,0.0,0.0,0.0,0.0,0.0,0.0,0.0,0.0,0.0,0.0,0.620831,0.124372,0.1757,0.0093,0.1665,0.0396,0.074,-0.0343,0.038429,0.213583,3.72473155,844.1632,0.64590771,-0.0342442,1622.48972,0.791,844.1632,0.315272,19.32,25.68,-0.3297767397,-0.7727459881,0.38888,-0.166346,0.154,0.1533,0.0006,-0.230851,-0.092057,4.82053446,0.0,0.0,392.99301,0.41360707,-0.5786952,-144.69792714,-75.3297028,11.672798,577.65189,0.8535,392.99301,0.301934,33.33,26.95,-0.6268104467
CC(C)(C)[NH2+]C[C@@H](N)C(C)(C)C.O=S(=O)([N-]S(=O)(=O)C(F)(F)F)C(F)(F)F,11.438425925925927,11.438425925925927,0.22395833333333326,-6.721527777777777,0.6280327401709914,15.74074074074074,453.47100000000006,428.271,453.1190676,166.0,0.0,0.4802902001629027,-0.4206749315142703,0.4802902001629027,0.4206749315142703,0.8148148148148148,1.1111111111111112,1.2962962962962963,32.28904436107206,9.868418870337141,2.464618329870328,-2.2798569306263277,2.3564380399196954,-2.9634074296821047,8.125012459837745,-0.7189187677528498,2.2990030420182737,0.0,631.8855214989838,22.698670612749268,15.603647765093925,17.236640926949384,11.334933866028123,7.301136931279008,10.181263588880292,7.694520042854446,11.116890295939575,2.877765759227021,5.61774782597113,1.0477715147597675,2.7573538086026765,-0.6400000000000003,63390.41087756986,28.56862486889326,8.797165390270456,11.068032186073175,154.7138247063378,15.17785720606636,0.0,20.046582306815168,0.0,0.0,11.01666100252851,0.0,16.835593968657875,26.34249028604892,0.0,20.771211599071872,26.186202068468653,0.0,18.12552248744388,48.49487285871313,20.046582306815168,0.0,0.0,11.148657946558965,64.13985028220355,6.544756405912575,4.127401124897844,0.0,0.0,11.050456081168516,26.34249028604892,0.0,0.0,45.977777458630264,20.046582306815168,5.41499046939678,41.54242319814374,0.0,0.0,4.127401124897844,0.0,125.00999999999999,31.063243309343676,43.1780842547068,0.0,11.45683129854474,5.538925252383345,10.67215753081042,0.0,0.0,0.0,46.85921180215007,5.733667477162185,109.1825,0.0,0.0,2.308449074074074,-5.860972222222221,0.0,0.27474537037036995,0.0,14.205000000000002,-13.443055555555553,1.0,27.0,4.0,7.0,0.0,0.0,0.0,0.0,0.0,0.0,0.0,1.0,0.0,5.0,2.0,15.0,0.0,4.0,0.0,0.0,0.0,0.0,0.0,9.30825622015732,0.0,1.7810000000000001,87.28440000000002,0.0,0.0,0.0,0.0,0.0,0.0,0.0,0.0,0.0,0.0,0.0,0.0,0.0,0.0,0.0,1.0,0.0,2.0,0.0,0.0,0.0,0.0,0.0,0.0,0.0,6.0,0.0,0.0,0.0,0.0,0.0,0.0,0.0,0.0,0.0,0.0,0.0,0.0,0.0,0.0,0.0,0.0,0.0,0.0,6.0,0.0,0.0,0.0,0.0,0.0,0.0,0.0,0.0,0.0,0.0,0.0,0.0,0.0,0.0,0.0,0.0,0.0,0.0,0.0,0.0,0.0,0.0,0.0,0.0,0.0,0.0,0.0,0.0,0.0,1.0,0.0,2.0,0.0,0.0,0.0,0.0,0.0,0.0,0.0,0.0,0.628291,0.119325,0.1788,0.0133,0.1655,0.0388,0.095,-0.0562,0.089907,0.217771,3.68956155,856.03486,0.63287557,-0.0500633,1654.38886,0.7902,856.03486,0.316422,26.86,26.21,-0.4924357304,-0.7740298942,0.410068,-0.060907,0.0642,0.1155,-0.0513,-0.202296,-0.041391,3.8590229,0.0,0.0,619.86031,0.47395773,-0.486037,-126.83975138,-29.34364298,14.809501,1047.61088,0.8047,619.86031,0.260698,43.25,13.88,-0.7706527667
C[NH+](C)C[C@@H](N)C(C)(C)C.O=S(=O)([O-])C(F)(F)F,10.662037037037038,10.662037037037038,0.2472916666666667,-6.090277777777778,0.5335314510996793,15.055555555555555,294.33899999999994,273.17099999999994,294.122498192,112.0,0.0,0.485234805463619,-0.7411547731218965,0.7411547731218965,0.485234805463619,1.2222222222222223,1.5,1.5555555555555556,32.24019366067938,9.871475663634866,2.364472828960528,-2.2684998565525025,2.199443904167887,-3.0723408210718945,7.861226090381287,-0.859580272846114,1.968997168171066,0.0,333.94747320502313,15.361807319565798,11.128693900448932,11.945190481376658,7.587222523091416,5.154881003731056,6.563129294194918,5.283614286957813,6.6547726273079535,2.0240072837303025,2.5909539932441423,0.7460126234753447,0.7460126234753447,-0.38000000000000006,1606.70168922759,19.948299678176152,6.68985926125854,9.629781243041624,105.88958568256703,15.186327081703027,0.0,10.118126859033554,0.0,0.0,5.508330501264255,0.0,8.417796984328938,13.171245143024459,0.0,20.771211599071872,5.41499046939678,0.0,26.681941200414915,31.041701731894243,10.118126859033554,0.0,0.0,11.148657946558965,32.32138292948409,20.640100371266954,0.0,0.0,0.0,10.633577208012664,13.171245143024459,0.0,0.0,45.16081855969848,10.118126859033554,5.41499046939678,20.771211599071872,0.0,0.0,0.0,0.0,87.66,15.62645736029781,13.171245143024459,0.0,5.41499046939678,6.041840829147961,6.544756405912575,4.899909730850478,0.0,0.0,34.86655556442625,18.704214335181486,58.90277777777778,0.0,1.4189120370370372,0.0,0.5322916666666666,0.0,0.3032407407407405,0.0,7.588611111111112,-1.8291666666666666,1.0,18.0,3.0,5.0,0.0,0.0,0.0,0.0,0.0,0.0,0.0,1.0,0.0,4.0,2.0,9.0,0.0,2.0,0.0,0.0,0.0,0.0,0.0,7.413962074911527,0.0,-0.4442999999999979,60.86030000000003,0.0,0.0,0.0,0.0,0.0,0.0,0.0,0.0,0.0,0.0,0.0,0.0,0.0,0.0,0.0,0.0,1.0,1.0,0.0,1.0,0.0,0.0,0.0,0.0,0.0,3.0,0.0,0.0,0.0,0.0,0.0,0.0,0.0,0.0,0.0,0.0,0.0,0.0,0.0,0.0,0.0,0.0,0.0,0.0,3.0,0.0,0.0,0.0,0.0,0.0,0.0,0.0,0.0,0.0,0.0,0.0,0.0,0.0,0.0,0.0,0.0,0.0,0.0,0.0,0.0,0.0,0.0,0.0,0.0,0.0,0.0,0.0,0.0,0.0,1.0,0.0,0.0,0.0,0.0,0.0,0.0,0.0,0.0,0.0,0.0,0.635431,0.108391,0.1833,0.0266,0.1568,0.0596,0.1158,-0.0562,0.091783,0.210248,3.89272249,737.13915,0.64569395,-0.0372378,1383.4033,0.8145,737.13915,0.327438,25.95,27.27,-0.3331873268,-0.7702922537,0.38888,-0.166346,0.154,0.1533,0.0006,-0.230851,-0.092057,4.82053446,0.0,0.0,392.99301,0.41360707,-0.5786952,-144.69792714,-75.3297028,11.672798,577.65189,0.8535,392.99301,0.301934,33.33,26.95,-0.6268104467
C[C@H]1COCC[NH+]1C[C@@H](N)C(C)(C)C.O=S(=O)([O-])C(F)(F)F,10.662037037037038,10.662037037037038,0.21331774376417245,-6.090277777777778,0.52714809874759,25.136363636363637,350.403,325.203,350.14871294,134.0,0.0,0.485234805463619,-0.7411547731218965,0.7411547731218965,0.485234805463619,1.3636363636363635,1.8181818181818181,2.1363636363636362,32.24019400989902,9.86671676952524,2.3651180090204624,-2.3525257561290864,2.1997750047728046,-3.1842162580982065,7.86122938885729,-0.932658746233563,2.2861607241068755,4.724999800674117e-07,434.63277246923224,17.767584713501616,13.235612803662065,14.05210938458979,9.65970216816285,6.860058357762258,8.268306648226119,6.460718323656266,7.831876664006407,3.5102361485254505,4.077182858039293,1.7195257489572329,1.7195257489572329,-0.42000000000000004,18693.936241021922,21.58,7.91127523572731,7.725165058166139,129.0921261017345,19.923190035503076,12.586597235060536,10.118126859033554,0.0,0.0,5.508330501264255,0.0,8.417796984328938,13.171245143024459,0.0,20.771211599071872,12.338727669087405,0.0,25.80036116408637,35.77856468569429,10.118126859033554,0.0,0.0,11.148657946558965,45.286960958322666,26.303276740850986,0.0,0.0,0.0,10.633577208012664,13.171245143024459,0.0,0.0,56.86583575843046,14.854989812833603,5.41499046939678,27.694948798762496,0.0,0.0,0.0,0.0,96.89,15.62645736029781,13.171245143024459,0.0,11.45683129854474,6.041840829147961,26.303276740850986,0.0,4.899909730850478,0.0,27.694948798762496,23.441077288981536,64.32028604497354,0.0,1.5959953703703706,0.0,0.749632936507937,0.0,0.870555555555555,0.0,12.803807870370372,-6.090277777777778,1.0,22.0,3.0,6.0,0.0,1.0,1.0,0.0,0.0,0.0,0.0,3.0,0.0,5.0,2.0,10.0,1.0,2.0,0.0,1.0,1.0,0.0,1.0,7.760241799408879,1.0,-0.2851999999999968,74.16030000000003,0.0,0.0,0.0,0.0,0.0,0.0,0.0,0.0,0.0,0.0,0.0,0.0,0.0,0.0,0.0,0.0,1.0,1.0,0.0,0.0,0.0,0.0,0.0,0.0,0.0,3.0,0.0,0.0,0.0,0.0,0.0,0.0,0.0,0.0,0.0,0.0,0.0,0.0,0.0,0.0,0.0,1.0,0.0,0.0,3.0,0.0,0.0,0.0,0.0,0.0,0.0,0.0,0.0,0.0,0.0,0.0,1.0,0.0,0.0,0.0,0.0,0.0,0.0,0.0,0.0,0.0,0.0,0.0,0.0,0.0,0.0,0.0,0.0,0.0,1.0,0.0,0.0,0.0,0.0,0.0,0.0,0.0,0.0,0.0,0.0,0.616422,0.1275,0.1789,0.0077,0.1713,0.0277,0.075,-0.0473,0.037121,0.209385,3.6422572,891.55721,0.64131393,-0.0396911,1757.09569,0.7898,891.55721,0.30919,20.89,25.68,-0.3264841143,-0.7799904897,0.38888,-0.166346,0.154,0.1533,0.0006,-0.230851,-0.092057,4.82053446,0.0,0.0,392.99301,0.41360707,-0.5786952,-144.69792714,-75.3297028,11.672798,577.65189,0.8535,392.99301,0.301934,33.33,26.95,-0.6268104467
CC(C)(C)[C@H](N)C[NH+]1CCOC1.O=S(=O)([N-]S(=O)(=O)C(F)(F)F)C(F)(F)F,11.438425925925927,11.438425925925927,0.2178472222222223,-6.721527777777777,0.5904920320070868,20.74074074074074,453.427,432.259,453.08268209199997,164.0,0.0,0.4802902001629027,-0.4206749315142703,0.4802902001629027,0.4206749315142703,1.0,1.4074074074074074,1.6666666666666667,32.28904442031487,9.870534857544877,2.4647038989594248,-2.2755643826788705,2.3564172782536,-3.1158754306317777,8.125012449022334,-0.8979571157952859,2.8674176499869444,5.113333192196673e-07,636.7514582325177,21.89734122549854,14.555866129927805,16.18885929178326,11.70612534682644,7.24222394718978,10.122350604791063,6.645378236435762,10.067748489520891,3.308335885410836,6.048317952154947,1.497057361798102,3.2066396556410104,-0.6800000000000002,167520.27394753727,26.32,8.771426263413831,8.469928547808012,152.66656815451418,19.497841286710557,13.151638370425493,26.777399054314653,0.0,0.0,11.01666100252851,0.0,16.835593968657875,26.34249028604892,0.0,20.771211599071872,5.41499046939678,0.0,12.586597235060536,52.81485693935733,20.046582306815168,0.0,0.0,11.148657946558965,37.82971343074834,26.427211523837553,4.127401124897844,0.0,0.0,10.633577208012664,26.34249028604892,0.0,0.0,60.32130732417188,24.783445260615217,5.41499046939678,20.771211599071872,0.0,0.0,4.127401124897844,0.0,122.07,31.063243309343676,43.1780842547068,0.0,11.45683129854474,0.0,30.554612648735397,4.899909730850478,0.0,0.0,20.771211599071872,10.470530430962235,114.46054043839759,0.0,1.483726851851852,0.0,-6.134097222222222,0.0,0.272407407407407,0.0,10.443811413454272,-13.443055555555553,1.0,27.0,3.0,8.0,0.0,1.0,1.0,0.0,0.0,0.0,0.0,2.0,0.0,6.0,2.0,16.0,1.0,4.0,0.0,1.0,1.0,0.0,1.0,8.550516268631556,1.0,0.2917000000000028,82.25470000000003,0.0,0.0,0.0,0.0,0.0,0.0,0.0,0.0,0.0,0.0,0.0,0.0,0.0,0.0,0.0,1.0,1.0,1.0,0.0,0.0,0.0,0.0,0.0,0.0,0.0,6.0,0.0,0.0,0.0,0.0,0.0,0.0,0.0,0.0,0.0,0.0,0.0,0.0,0.0,0.0,0.0,1.0,0.0,0.0,6.0,0.0,0.0,0.0,0.0,0.0,0.0,0.0,0.0,0.0,0.0,0.0,0.0,0.0,0.0,0.0,0.0,0.0,0.0,0.0,0.0,0.0,0.0,0.0,0.0,0.0,0.0,0.0,0.0,0.0,1.0,0.0,2.0,0.0,0.0,0.0,0.0,0.0,0.0,0.0,0.0,0.631758,0.123492,0.168,0.0134,0.1546,0.0688,0.0641,0.0048,0.053792,0.212924,3.79967306,788.97765,0.65201165,-0.0274,1489.74545,0.7995,788.97765,0.324345,17.52,24.53,-0.3434691771,-0.7557484257,0.410068,-0.060907,0.0642,0.1155,-0.0513,-0.202296,-0.041391,3.8590229,0.0,0.0,619.86031,0.47395773,-0.486037,-126.83975138,-29.34364298,14.809501,1047.61088,0.8047,619.86031,0.260698,43.25,13.88,-0.7706527667
CC(C)(C)[NH2+]C[C@@H](N)C(C)(C)C.O=S(=O)([O-])C(F)(F)F,10.662037037037038,10.662037037037038,0.22395833333333326,-6.090277777777778,0.5792109668178995,15.35,322.393,297.193,322.15379832,124.0,0.0,0.485234805463619,-0.7411547731218965,0.7411547731218965,0.485234805463619,1.1,1.4,1.55,32.24019381992723,9.86841910435997,2.364628542393799,-2.279856337495759,2.1996479087113316,-2.9634070481023933,7.86122777477338,-0.7189176782863224,2.083442408343913,0.0,381.1882050971417,16.991563831562722,12.70604416963856,13.522540750566286,8.377827084841575,5.998251038196458,7.4064993286603205,6.67823516995122,8.04939351030136,2.3800032500319785,2.94694995954582,0.8340737280294038,0.8340737280294038,-0.38000000000000006,3577.270615126499,21.910210407376823,7.057521761572762,11.446972014965743,118.4094984247649,15.603205954858879,0.0,10.118126859033554,0.0,0.0,5.508330501264255,0.0,8.417796984328938,13.171245143024459,0.0,20.771211599071872,26.186202068468653,0.0,18.12552248744388,31.458580605050095,10.118126859033554,0.0,0.0,11.148657946558965,58.6315197809393,6.544756405912575,0.0,0.0,0.0,11.050456081168516,13.171245143024459,0.0,0.0,36.60439984672744,10.118126859033554,5.41499046939678,41.54242319814374,0.0,0.0,0.0,0.0,99.83,15.62645736029781,13.171245143024459,0.0,11.45683129854474,5.538925252383345,6.544756405912575,0.0,0.0,0.0,46.85921180215007,18.704214335181486,58.90277777777778,0.0,0.0,2.308449074074074,0.8993055555555562,0.0,0.27474537037036995,0.0,14.205000000000002,-6.090277777777778,1.0,20.0,4.0,5.0,0.0,0.0,0.0,0.0,0.0,0.0,0.0,1.0,0.0,4.0,2.0,9.0,0.0,2.0,0.0,0.0,0.0,0.0,0.0,7.731589337534997,0.0,0.7731000000000012,69.72800000000002,0.0,0.0,0.0,0.0,0.0,0.0,0.0,0.0,0.0,0.0,0.0,0.0,0.0,0.0,0.0,0.0,0.0,2.0,0.0,0.0,0.0,0.0,0.0,0.0,0.0,3.0,0.0,0.0,0.0,0.0,0.0,0.0,0.0,0.0,0.0,0.0,0.0,0.0,0.0,0.0,0.0,0.0,0.0,0.0,3.0,0.0,0.0,0.0,0.0,0.0,0.0,0.0,0.0,0.0,0.0,0.0,0.0,0.0,0.0,0.0,0.0,0.0,0.0,0.0,0.0,0.0,0.0,0.0,0.0,0.0,0.0,0.0,0.0,0.0,1.0,0.0,0.0,0.0,0.0,0.0,0.0,0.0,0.0,0.0,0.0,0.628291,0.119325,0.1788,0.0133,0.1655,0.0388,0.095,-0.0562,0.089907,0.217771,3.68956155,856.03486,0.63287557,-0.0500633,1654.38886,0.7902,856.03486,0.316422,26.86,26.21,-0.4924357304,-0.7740298942,0.38888,-0.166346,0.154,0.1533,0.0006,-0.230851,-0.092057,4.82053446,0.0,0.0,392.99301,0.41360707,-0.5786952,-144.69792714,-75.3297028,11.672798,577.65189,0.8535,392.99301,0.301934,33.33,26.95,-0.6268104467
CC(C)(C)[NH2+]C[C@@H](N)C(C)(C)C.CC(=O)[O-],8.88888888888889,8.88888888888889,0.22395833333333326,-1.0833333333333333,0.6717096010489734,13.75,232.368,204.14399999999998,232.215078136,98.0,0.0,0.09177979269866163,-0.5504770280073037,0.5504770280073037,0.09177979269866163,1.25,1.5625,1.75,16.363948206211244,9.868419159401018,2.239203187016476,-2.2798560053330825,2.151454972393766,-2.963406874103913,5.598285248195763,-0.7189177024879406,1.949771312711138,0.0,198.04474996131484,13.568914100752348,11.755654169683153,11.755654169683153,6.859877892410454,5.635428473914549,5.635428473914549,6.269951909287635,6.269951909287635,2.0965298952750597,2.0965298952750597,0.8340737280294038,0.8340737280294038,-0.6100000000000001,787.7076103352997,17.7745679759454,6.862246743840834,15.84439794777083,99.60495417258198,20.951520660081044,0.0,0.0,0.0,0.0,0.0,0.0,0.0,0.0,0.0,20.771211599071872,33.10993926815928,5.969305287951849,18.12552248744388,15.217853182918859,5.969305287951849,0.0,0.0,11.148657946558965,60.046926479365666,6.544756405912575,0.0,0.0,0.0,16.156983476009223,0.0,0.0,0.0,24.09482777539573,4.794537184071822,5.41499046939678,48.46616039783436,0.0,0.0,0.0,0.0,82.75999999999999,5.969305287951849,0.0,0.0,11.45683129854474,5.538925252383345,13.4684936056032,0.0,0.0,0.0,46.85921180215007,15.634732056074713,0.0,0.0,8.88888888888889,11.197337962962964,6.545138888888889,-1.0833333333333333,0.27474537037036995,0.0,15.177222222222223,0.0,0.9166666666666666,16.0,4.0,4.0,0.0,0.0,0.0,0.0,0.0,0.0,0.0,1.0,0.0,3.0,2.0,4.0,0.0,2.0,0.0,0.0,0.0,0.0,0.0,7.623341951006805,0.0,-0.5220999999999973,64.65680000000005,1.0,0.0,0.0,0.0,0.0,0.0,0.0,0.0,1.0,1.0,1.0,1.0,0.0,0.0,0.0,0.0,0.0,2.0,0.0,0.0,0.0,0.0,0.0,0.0,0.0,0.0,0.0,0.0,0.0,0.0,0.0,0.0,0.0,0.0,0.0,0.0,0.0,0.0,0.0,0.0,0.0,0.0,0.0,0.0,0.0,0.0,0.0,0.0,0.0,0.0,0.0,0.0,0.0,0.0,0.0,0.0,0.0,0.0,0.0,0.0,0.0,0.0,0.0,0.0,0.0,0.0,0.0,0.0,0.0,0.0,0.0,0.0,0.0,0.0,1.0,0.0,0.0,0.0,0.0,0.0,0.0,0.0,0.0,0.0,0.0,0.628291,0.119325,0.1788,0.0133,0.1655,0.0388,0.095,-0.0562,0.089907,0.217771,3.68956155,856.03486,0.63287557,-0.0500633,1654.38886,0.7902,856.03486,0.316422,26.86,26.21,-0.4924357304,-0.7740298942,0.299465,-0.205031,0.2547,0.2741,-0.0194,-0.292341,-0.121734,5.64853689,0.0,0.0,296.09486,0.29314346,-0.4214807,-183.44689715,-130.93237282,7.647046,407.41787,0.8976,296.09486,0.196004,31.6,37.84,-0.5678008583
C[n+]1ccn(C[C@@H]([NH3+])C(C)(C)C)c1.O=S(=O)([O-])C(F)(F)F,10.662037037037038,10.662037037037038,0.2805966553287982,-6.090277777777778,0.46991811857631777,14.333333333333334,332.368,311.19999999999993,332.12502361209,124.0,0.0,0.485234805463619,-0.7411547731218965,0.7411547731218965,0.485234805463619,1.3333333333333333,1.7619047619047619,2.0,32.24019391006814,9.872993889411724,2.3646752009833567,-2.2124814781470095,2.200045623718731,-2.677539375855373,7.861228498540806,-0.6707268063160502,2.5992942853457603,4.326922932483981e-07,547.0401768509001,17.060477932315067,12.384928411014647,13.201424991942373,9.142865415757242,6.005812824107087,7.414061114570949,5.738688898141254,7.109847238491394,2.763156033551912,3.3301027430657535,1.1380542319298241,1.1380542319298241,-1.1300000000000003,13123.836846710745,19.87,6.753836766597899,7.438180832909394,121.67065547918253,10.286417350852549,24.98028437828669,10.118126859033554,6.3273200747645415,0.0,5.508330501264255,0.0,17.55199627991165,13.171245143024459,0.0,20.771211599071872,0.0,5.41499046939678,7.04767198267719,36.4425591259973,10.118126859033554,0.0,4.567099647791355,12.46266245207397,38.86613933539666,0.0,18.721007217990696,0.0,0.0,10.30076712495354,13.171245143024459,0.0,0.0,29.08781783622287,23.71055524762332,5.41499046939678,20.771211599071872,18.721007217990696,0.0,0.0,0.0,93.65,15.62645736029781,13.171245143024459,0.0,5.41499046939678,6.041840829147961,6.544756405912575,0.0,0.0,7.04767198267719,54.360085589807454,12.9705468580193,63.137199074074076,0.0,0.0,0.0,-1.1814951814058956,0.0,0.44435185185185166,6.225416666666666,7.68138888888889,-4.056861300075585,0.7272727272727273,21.0,3.0,6.0,0.0,0.0,0.0,0.0,0.0,1.0,1.0,1.0,0.0,3.0,1.0,10.0,1.0,2.0,0.0,0.0,0.0,0.0,0.0,6.390416026300012,1.0,0.02059999999999995,67.49130000000002,0.0,0.0,0.0,0.0,0.0,2.0,0.0,0.0,0.0,0.0,0.0,0.0,0.0,0.0,0.0,2.0,0.0,0.0,0.0,0.0,0.0,0.0,0.0,0.0,0.0,3.0,0.0,0.0,0.0,0.0,1.0,0.0,0.0,0.0,0.0,0.0,0.0,0.0,0.0,0.0,0.0,0.0,0.0,0.0,3.0,0.0,0.0,1.0,0.0,0.0,0.0,0.0,0.0,0.0,0.0,0.0,0.0,0.0,0.0,0.0,0.0,0.0,0.0,0.0,0.0,0.0,0.0,0.0,0.0,0.0,0.0,0.0,0.0,0.0,1.0,0.0,0.0,0.0,0.0,0.0,0.0,0.0,0.0,0.0,0.0,0.763527,0.403542,0.1319,0.0199,0.1119,0.0014,0.0051,-0.0038,0.193478,0.387313,7.22066621,854.3052,0.78339793,0.1093053,1563.84735,0.7627,854.3052,0.153189,12.54,29.23,-0.2071028902,-0.6077930056,0.38888,-0.166346,0.154,0.1533,0.0006,-0.230851,-0.092057,4.82053446,0.0,0.0,392.99301,0.41360707,-0.5786952,-144.69792714,-75.3297028,11.672798,577.65189,0.8535,392.99301,0.301934,33.33,26.95,-0.6268104467
C[C@@H]1C[NH+](C[C@@H](N)C(C)(C)C)C[C@H](C)O1.O=S(=O)([N-]S(=O)(=O)C(F)(F)F)C(F)(F)F,11.438425925925927,11.438425925925927,0.20613142479213908,-6.721527777777777,0.5638597679636637,25.266666666666666,495.50800000000004,468.29200000000003,495.129632284,182.0,0.0,0.4802902001629027,-0.4206749315142703,0.4802902001629027,0.4206749315142703,0.9333333333333333,1.2666666666666666,1.5333333333333334,32.28904489260043,9.86754033203414,2.4650265414751638,-2.3611076734996277,2.356595957814109,-3.1645477790122674,8.12501693652516,-0.9160948558609102,2.41463500564475,5.606666506651117e-07,710.40793665924,24.344934982691242,17.003459887120513,18.63645304897597,12.993819047061143,8.607475318098166,11.487601975699448,8.0083578676784,11.43072812076353,4.019077480082232,6.759059546826342,2.3867400479542185,4.096322341797129,-0.6800000000000002,423203.41889933276,29.319999999999997,9.851844255326768,9.214518843738633,171.761394497704,19.497841286710557,25.297445587321754,20.046582306815168,0.0,0.0,11.01666100252851,0.0,16.835593968657875,26.34249028604892,0.0,20.771211599071872,19.26246486877803,0.0,12.586597235060536,52.81485693935733,20.046582306815168,0.0,0.0,11.148657946558965,63.885120605626184,19.634269217737724,4.127401124897844,0.0,0.0,10.633577208012664,26.34249028604892,0.0,0.0,65.73629779356867,24.783445260615217,5.41499046939678,34.61868599845312,0.0,0.0,4.127401124897844,0.0,122.07,31.063243309343676,43.1780842547068,0.0,11.45683129854474,12.207932775496605,23.76167034263557,0.0,4.899909730850478,0.0,34.61868599845312,10.470530430962235,114.90440641534391,0.0,1.5867361111111113,0.0,-5.989161470143612,0.0,0.2685185185185184,0.7424414210128489,14.180114559712777,-13.443055555555553,1.0,30.0,3.0,8.0,0.0,1.0,1.0,0.0,0.0,0.0,0.0,4.0,0.0,6.0,2.0,16.0,1.0,4.0,0.0,1.0,1.0,0.0,1.0,9.62853578553936,1.0,1.1112,96.31170000000006,0.0,0.0,0.0,0.0,0.0,0.0,0.0,0.0,0.0,0.0,0.0,0.0,0.0,0.0,0.0,1.0,1.0,1.0,0.0,0.0,0.0,0.0,0.0,0.0,0.0,6.0,0.0,0.0,0.0,0.0,0.0,0.0,0.0,0.0,0.0,0.0,0.0,0.0,0.0,0.0,0.0,1.0,0.0,0.0,6.0,0.0,0.0,0.0,0.0,0.0,0.0,0.0,0.0,0.0,0.0,0.0,1.0,0.0,0.0,0.0,0.0,0.0,0.0,0.0,0.0,0.0,0.0,0.0,0.0,0.0,0.0,0.0,0.0,0.0,1.0,0.0,2.0,0.0,0.0,0.0,0.0,0.0,0.0,0.0,0.0,0.609571,0.12131,0.1743,0.0077,0.1666,0.0358,0.0641,-0.0283,0.037381,0.207692,3.47255699,986.51564,0.6306506,-0.051009,1900.28006,0.7521,986.51564,0.313502,16.02,25.53,-0.3291669384,-0.7768890944,0.410068,-0.060907,0.0642,0.1155,-0.0513,-0.202296,-0.041391,3.8590229,0.0,0.0,619.86031,0.47395773,-0.486037,-126.83975138,-29.34364298,14.809501,1047.61088,0.8047,619.86031,0.260698,43.25,13.88,-0.7706527667
CC(C)(C)[C@H](N)C[NH+]1CCC(F)(F)CC1.O=S(=O)([O-])C(F)(F)F,12.904578727324264,12.904578727324264,0.013091458805744693,-6.090277777777778,0.4261102982379737,21.304347826086957,370.38399999999996,347.2,370.13495469599997,140.0,0.0,0.485234805463619,-0.7411547731218965,0.7411547731218965,0.485234805463619,1.173913043478261,1.5217391304347827,1.7826086956521738,32.24019415391759,9.865614319108552,2.3779132970014643,-2.339076615504247,2.227938720422377,-3.146127749185543,7.861230128313478,-0.9090481054769556,2.2845277997391755,5.15166640758689e-07,464.0682794354854,18.69023444431199,13.213049971213579,14.029546552141305,9.95612534682644,6.947059039113379,8.35530732957724,6.682458561024685,8.053616901374825,3.5930587726502985,4.160005482164141,1.7906269194384261,1.7906269194384261,-0.52,23768.227228486383,22.48,7.578088403916863,8.773689420712175,132.3096516780801,15.186327081703027,0.0,10.118126859033554,0.0,5.922529168094576,5.508330501264255,0.0,17.198627079678577,13.171245143024459,0.0,20.771211599071872,5.41499046939678,0.0,38.5177532927377,39.82253182724388,10.118126859033554,0.0,0.0,11.148657946558965,51.085555343430684,19.634269217737724,0.0,0.0,0.0,10.633577208012664,21.9520752383741,0.0,0.0,50.07751657426382,10.118126859033554,5.41499046939678,33.61285484492389,0.0,0.0,0.0,0.0,87.66,21.548986528392383,21.9520752383741,0.0,24.298474544396758,13.08951281182515,6.544756405912575,4.899909730850478,0.0,0.0,20.771211599071872,18.704214335181486,84.7119352324263,0.0,1.2253240740740745,0.0,0.4574766156462591,-2.4351907360166285,0.08261337868480711,0.026182917611489387,8.188602962018141,-6.090277777777778,1.0,23.0,3.0,5.0,0.0,1.0,1.0,0.0,0.0,0.0,0.0,1.0,0.0,4.0,2.0,11.0,1.0,2.0,0.0,1.0,1.0,0.0,0.0,7.406757709567438,1.0,0.7252000000000007,72.92730000000005,0.0,0.0,0.0,0.0,0.0,0.0,0.0,0.0,0.0,0.0,0.0,0.0,0.0,0.0,0.0,0.0,1.0,1.0,0.0,0.0,1.0,0.0,0.0,0.0,0.0,5.0,0.0,0.0,0.0,0.0,0.0,0.0,0.0,0.0,0.0,0.0,0.0,0.0,0.0,0.0,0.0,0.0,0.0,0.0,5.0,0.0,0.0,0.0,0.0,0.0,0.0,0.0,0.0,0.0,0.0,0.0,0.0,0.0,0.0,0.0,0.0,0.0,0.0,0.0,0.0,0.0,0.0,0.0,0.0,1.0,0.0,0.0,0.0,0.0,1.0,0.0,0.0,0.0,0.0,0.0,0.0,0.0,0.0,0.0,0.0,0.633088,0.129565,0.1786,0.0118,0.1669,0.0446,0.0747,-0.0301,0.030294,0.218672,3.69663179,899.37906,0.65714929,-0.0283856,1738.34984,0.7774,899.37906,0.318541,21.86,25.84,-0.3371755438,-0.7657964871,0.38888,-0.166346,0.154,0.1533,0.0006,-0.230851,-0.092057,4.82053446,0.0,0.0,392.99301,0.41360707,-0.5786952,-144.69792714,-75.3297028,11.672798,577.65189,0.8535,392.99301,0.301934,33.33,26.95,-0.6268104467
C[C@@H]1C[NH+](C[C@@H](N)C(C)(C)C)C[C@H](C)O1.O=S(=O)([O-])C(F)(F)F,10.662037037037038,10.662037037037038,0.20613142479213908,-6.090277777777778,0.5352225680013196,27.82608695652174,364.43,337.214,364.164363004,140.0,0.0,0.485234805463619,-0.7411547731218965,0.7411547731218965,0.485234805463619,1.2173913043478262,1.565217391304348,1.826086956521739,32.24019409011566,9.867540445968803,2.365359000693715,-2.3611076144817953,2.199963774246465,-3.164547778016384,7.861230211465013,-0.9160947828037825,2.2315359709122493,5.151666415836889e-07,452.82054004704025,18.637828201504696,14.105856291665143,14.92235287259287,10.036712265874595,7.304589425015613,8.712837715479479,6.9920729947751745,8.363231335125315,3.521314970887189,4.088261680401031,2.1730422612238565,2.1730422612238565,-0.42000000000000004,24354.983586536287,22.579999999999995,8.105518429849015,8.847118679157392,135.4570682161311,19.923190035503076,25.297445587321754,10.118126859033554,0.0,0.0,5.508330501264255,0.0,8.417796984328938,13.171245143024459,0.0,20.771211599071872,19.26246486877803,0.0,12.586597235060536,35.77856468569429,10.118126859033554,0.0,0.0,11.148657946558965,58.37679010436193,19.634269217737724,0.0,0.0,0.0,10.633577208012664,13.171245143024459,0.0,0.0,56.36292018166585,14.854989812833603,5.41499046939678,34.61868599845312,0.0,0.0,0.0,0.0,96.89,15.62645736029781,13.171245143024459,0.0,11.45683129854474,12.207932775496605,19.634269217737724,0.0,4.899909730850478,0.0,34.61868599845312,23.441077288981536,64.6246841931217,0.0,1.5867361111111113,0.0,0.7711163076341654,0.0,0.2685185185185184,0.7424414210128489,14.180114559712777,-6.090277777777778,1.0,23.0,3.0,6.0,0.0,1.0,1.0,0.0,0.0,0.0,0.0,4.0,0.0,5.0,2.0,10.0,1.0,2.0,0.0,1.0,1.0,0.0,1.0,7.957504615043075,1.0,0.10330000000000195,78.75530000000003,0.0,0.0,0.0,0.0,0.0,0.0,0.0,0.0,0.0,0.0,0.0,0.0,0.0,0.0,0.0,0.0,1.0,1.0,0.0,0.0,0.0,0.0,0.0,0.0,0.0,3.0,0.0,0.0,0.0,0.0,0.0,0.0,0.0,0.0,0.0,0.0,0.0,0.0,0.0,0.0,0.0,1.0,0.0,0.0,3.0,0.0,0.0,0.0,0.0,0.0,0.0,0.0,0.0,0.0,0.0,0.0,1.0,0.0,0.0,0.0,0.0,0.0,0.0,0.0,0.0,0.0,0.0,0.0,0.0,0.0,0.0,0.0,0.0,0.0,1.0,0.0,0.0,0.0,0.0,0.0,0.0,0.0,0.0,0.0,0.0,0.609571,0.12131,0.1743,0.0077,0.1666,0.0358,0.0641,-0.0283,0.037381,0.207692,3.47255699,986.51564,0.6306506,-0.051009,1900.28006,0.7521,986.51564,0.313502,16.02,25.53,-0.3291669384,-0.7768890944,0.38888,-0.166346,0.154,0.1533,0.0006,-0.230851,-0.092057,4.82053446,0.0,0.0,392.99301,0.41360707,-0.5786952,-144.69792714,-75.3297028,11.672798,577.65189,0.8535,392.99301,0.301934,33.33,26.95,-0.6268104467
CC(C)(C)[C@H](N)C[NH+]1CCCCC1.O=S(=O)([N-]S(=O)(=O)C(F)(F)F)C(F)(F)F,11.438425925925927,11.438425925925927,0.2683007369614514,-6.721527777777777,0.6111751121495773,18.928571428571427,465.48199999999997,440.28200000000004,465.1190676,170.0,0.0,0.4802902001629027,-0.4206749315142703,0.4802902001629027,0.4206749315142703,0.8571428571428571,1.2142857142857142,1.5,32.28904453440801,9.866634847892138,2.4647117763486137,-2.317694902106923,2.35650742695503,-3.139314588691773,8.125014168913843,-0.9059599213905907,2.441115964796697,5.247692163398705e-07,651.2561891449798,22.60444800668509,15.561831401837038,17.194824563692496,12.20612534682644,8.164873678000154,11.045000335601436,7.403452550454314,10.825822803539443,3.962856808836114,6.702838875580225,2.086789079070902,3.796371372913811,-0.6400000000000003,221252.98658531345,27.36,9.447828505342489,8.797165390270456,160.28290715380052,14.760978332910508,0.0,20.046582306815168,0.0,0.0,11.01666100252851,0.0,16.835593968657875,26.34249028604892,0.0,20.771211599071872,24.67745533817481,0.0,25.676110046885686,48.07799398555728,20.046582306815168,0.0,0.0,11.148657946558965,57.09217829952638,19.634269217737724,4.127401124897844,0.0,0.0,10.633577208012664,26.34249028604892,0.0,0.0,53.528365018072066,20.046582306815168,5.41499046939678,40.0336764678499,0.0,0.0,4.127401124897844,0.0,112.83999999999997,31.063243309343676,43.1780842547068,0.0,5.41499046939678,6.041840829147961,10.67215753081042,32.35197768060318,4.899909730850478,0.0,20.771211599071872,5.733667477162185,109.1825,0.0,1.7163657407407409,0.0,-5.977067743764172,0.0,0.3477777777777775,4.214928902116402,10.541884212018141,-13.443055555555553,1.0,28.0,3.0,7.0,0.0,1.0,1.0,0.0,0.0,0.0,0.0,1.0,0.0,5.0,2.0,15.0,1.0,4.0,0.0,1.0,1.0,0.0,0.0,9.23187813950609,1.0,1.4878999999999996,90.15370000000004,0.0,0.0,0.0,0.0,0.0,0.0,0.0,0.0,0.0,0.0,0.0,0.0,0.0,0.0,0.0,1.0,1.0,1.0,0.0,0.0,1.0,0.0,0.0,0.0,0.0,6.0,0.0,0.0,0.0,0.0,0.0,0.0,0.0,0.0,0.0,0.0,0.0,0.0,0.0,0.0,0.0,0.0,0.0,0.0,6.0,0.0,0.0,0.0,0.0,0.0,0.0,0.0,0.0,0.0,0.0,0.0,0.0,0.0,0.0,0.0,0.0,0.0,0.0,0.0,0.0,0.0,0.0,0.0,0.0,1.0,0.0,0.0,0.0,0.0,1.0,0.0,2.0,0.0,0.0,0.0,0.0,0.0,0.0,0.0,0.0,0.619324,0.110795,0.0366,0.092,-0.0554,0.1804,0.0094,0.171,0.089044,0.20194,3.63779194,874.02646,0.63298047,-0.0501487,1697.97666,0.7875,874.02646,0.320685,31.19,26.35,-0.7799795681,-0.3305185161,0.410068,-0.060907,0.0642,0.1155,-0.0513,-0.202296,-0.041391,3.8590229,0.0,0.0,619.86031,0.47395773,-0.486037,-126.83975138,-29.34364298,14.809501,1047.61088,0.8047,619.86031,0.260698,43.25,13.88,-0.7706527667
CC(C)(C)[C@H](N)C[NH+]1CCCCCC1.O=S(=O)([O-])C(F)(F)F,10.662037037037038,10.662037037037038,0.2631986961451249,-6.090277777777778,0.5725352478864039,19.818181818181817,348.431,321.215,348.169448384,134.0,0.0,0.485234805463619,-0.7411547731218965,0.7411547731218965,0.485234805463619,1.0909090909090908,1.4545454545454546,1.7272727272727273,32.2401939876831,9.869097230198083,2.3647494613777833,-2.2960866530770483,2.199903048375315,-3.130515582096954,7.861229454334368,-0.9004220873086952,2.540131798562577,4.724999794111618e-07,411.2267018521946,17.60444800668509,13.37133458756822,14.187831168495947,9.74901856563989,7.361987784917604,8.770236075381467,6.740721068144362,8.111879408494502,3.7150942996410716,4.282041009154915,2.0498679876371755,2.0498679876371755,-0.38000000000000006,22454.76509929318,21.62,8.465961600896945,8.916840696721463,130.34352298662424,15.186327081703027,0.0,10.118126859033554,0.0,0.0,5.508330501264255,0.0,8.417796984328938,13.171245143024459,0.0,20.771211599071872,31.09827696110082,0.0,25.676110046885686,31.041701731894243,10.118126859033554,0.0,0.0,11.148657946558965,58.00466942118814,19.634269217737724,0.0,0.0,0.0,10.633577208012664,13.171245143024459,0.0,0.0,44.15498740616925,10.118126859033554,5.41499046939678,46.454498090775914,0.0,0.0,0.0,0.0,87.66,15.62645736029781,13.171245143024459,0.0,5.41499046939678,6.041840829147961,6.544756405912575,38.77279930352919,4.899909730850478,0.0,20.771211599071872,18.704214335181486,58.90277777777778,0.0,1.7267824074074076,0.0,0.8291284013605447,0.0,0.34314814814814787,5.639785997732426,10.565321712018141,-6.090277777777778,1.0,22.0,3.0,5.0,0.0,1.0,1.0,0.0,0.0,0.0,0.0,1.0,0.0,4.0,2.0,9.0,1.0,2.0,0.0,1.0,1.0,0.0,0.0,8.31973135506327,1.0,0.870100000000001,77.21430000000005,0.0,0.0,0.0,0.0,0.0,0.0,0.0,0.0,0.0,0.0,0.0,0.0,0.0,0.0,0.0,0.0,1.0,1.0,0.0,0.0,1.0,0.0,0.0,0.0,0.0,3.0,0.0,0.0,0.0,0.0,0.0,0.0,0.0,0.0,0.0,0.0,0.0,0.0,0.0,0.0,0.0,0.0,0.0,0.0,3.0,0.0,0.0,0.0,0.0,0.0,0.0,0.0,0.0,0.0,0.0,0.0,0.0,0.0,0.0,0.0,0.0,0.0,0.0,0.0,0.0,0.0,0.0,0.0,0.0,0.0,0.0,0.0,0.0,0.0,1.0,0.0,0.0,0.0,0.0,0.0,0.0,0.0,0.0,0.0,0.0,0.609103,0.112589,0.1777,0.0067,0.171,0.0302,0.0731,-0.0429,0.088842,0.201456,3.54937922,924.09266,0.62847174,-0.0537097,1827.11514,0.7821,924.09266,0.318839,31.12,25.77,-0.3321224104,-0.7815435622,0.38888,-0.166346,0.154,0.1533,0.0006,-0.230851,-0.092057,4.82053446,0.0,0.0,392.99301,0.41360707,-0.5786952,-144.69792714,-75.3297028,11.672798,577.65189,0.8535,392.99301,0.301934,33.33,26.95,-0.6268104467
N[C@@H](Cc1ccccc1)C[NH+]1CCOCC1.O=S(=O)([O-])C(F)(F)F,10.662037037037038,10.662037037037038,0.25972222222222197,-6.090277777777778,0.5514251203604376,17.708333333333332,370.3929999999999,349.22499999999997,370.117412812,138.0,0.0,0.485234805463619,-0.7411547731218965,0.7411547731218965,0.485234805463619,1.2083333333333333,1.7083333333333333,2.1666666666666665,32.240194166662434,10.064097140105329,2.3645328214536945,-2.2577601398227976,2.1990229774650714,-3.149635986329709,7.861232002695331,-0.908387758898329,2.4746334446317793,3.0749998176562626e-07,575.4323923623616,18.21733218180745,12.959227442793665,13.775724023721391,11.093336592900531,7.323148203092513,8.731396493556375,5.4161638256597735,6.787322166009914,3.374958867828358,3.9419055773421996,2.2240012801056843,2.2240012801056843,-1.2000000000000004,113080.84988589378,20.84385964912281,9.326719670899095,8.063794944820222,138.68945185021212,19.923190035503076,13.08951281182515,10.118126859033554,0.0,0.0,5.508330501264255,0.0,8.417796984328938,13.171245143024459,0.0,30.33183534230805,11.984273114623004,0.0,25.80036116408637,35.77856468569429,10.118126859033554,0.0,0.0,5.733667477162185,17.970992953338225,32.84803314676356,35.89528683400505,0.0,0.0,10.633577208012664,13.171245143024459,0.0,0.0,57.36875133519508,21.275811435759614,0.0,5.563451491696996,30.33183534230805,0.0,0.0,0.0,96.89,15.62645736029781,13.171245143024459,0.0,6.041840829147961,0.0,39.26885476968957,5.563451491696996,4.899909730850478,6.06636706846161,24.26546827384644,23.441077288981536,64.24068255022395,0.0,1.5784084467120183,0.0,1.8648717403628128,0.0,10.744398940705759,0.9773781179138321,5.017871315192743,-6.090277777777778,0.5714285714285714,24.0,3.0,6.0,0.0,1.0,1.0,0.0,1.0,0.0,1.0,1.0,0.0,5.0,2.0,10.0,1.0,4.0,0.0,1.0,1.0,0.0,0.0,8.100201491955568,2.0,-0.4770999999999981,80.25630000000004,0.0,0.0,0.0,0.0,0.0,0.0,0.0,0.0,0.0,0.0,0.0,0.0,0.0,0.0,0.0,0.0,1.0,1.0,0.0,0.0,0.0,0.0,0.0,0.0,0.0,3.0,0.0,0.0,0.0,0.0,0.0,0.0,0.0,0.0,1.0,0.0,0.0,0.0,0.0,0.0,0.0,1.0,0.0,0.0,3.0,0.0,0.0,0.0,0.0,0.0,0.0,0.0,0.0,0.0,0.0,0.0,1.0,0.0,0.0,0.0,0.0,0.0,0.0,0.0,0.0,0.0,0.0,0.0,0.0,0.0,0.0,0.0,0.0,0.0,1.0,0.0,0.0,0.0,0.0,0.0,0.0,0.0,0.0,0.0,0.0,0.592578,0.214631,0.0264,0.0042,0.0222,0.0154,0.0505,-0.0351,0.039531,0.215879,3.50465687,950.07917,0.6363824,-0.0152147,1761.07075,0.7423,950.07917,0.175258,21.22,23.29,-0.3262626327,-0.7781043728,0.38888,-0.166346,0.154,0.1533,0.0006,-0.230851,-0.092057,4.82053446,0.0,0.0,392.99301,0.41360707,-0.5786952,-144.69792714,-75.3297028,11.672798,577.65189,0.8535,392.99301,0.301934,33.33,26.95,-0.6268104467
CC(C)(C)[C@H](N)C[NH2+]C12C[C@H]3C[C@@H](C1)C[C@@H](C2)C3.O=S(=O)([O-])C(F)(F)F,10.662037037037038,10.662037037037038,0.24880420918367374,-6.090277777777778,0.5585155174293621,35.0,400.507,369.259,400.20074851199996,154.0,0.0,0.485234805463619,-0.7411547731218965,0.7411547731218965,0.485234805463619,1.0769230769230769,1.4230769230769231,1.6923076923076923,32.240194324278306,9.527003631240737,2.530036910894547,-2.5469923244375794,2.5361282075503424,-3.0047942468898317,7.861233694389555,-0.7406440439128811,2.403988816292437,2.599999820505221e-07,564.0705950259867,19.966255326250888,15.680735664326725,16.497232245254455,11.612721870796165,9.233145824151046,10.641394114614911,9.592137630098241,10.963295970448376,6.286247714390558,6.853194423904403,5.158153905795627,5.158153905795627,-0.38000000000000006,198617.55600208117,21.914881181060093,7.218991204308984,5.329498107391906,153.5816576505569,15.603205954858879,0.0,10.118126859033554,0.0,0.0,5.508330501264255,0.0,8.417796984328938,13.171245143024459,0.0,20.771211599071872,42.431173476658984,19.26246486877803,18.12552248744388,31.458580605050095,10.118126859033554,0.0,0.0,28.902376085043144,76.3852379194235,6.544756405912575,0.0,0.0,0.0,11.050456081168516,13.171245143024459,0.0,0.0,36.60439984672744,10.118126859033554,23.16870860788096,59.29614133662794,0.0,0.0,0.0,0.0,99.83,15.62645736029781,13.171245143024459,0.0,5.41499046939678,11.580766081531305,24.298474544396754,38.524929737556064,0.0,0.0,26.088000203078202,18.704214335181486,58.90277777777778,0.0,0.0,2.660115740740741,1.5466181264172345,3.1621145124716543,0.32454128873771726,9.066301374716554,7.927808956916099,-6.090277777777778,1.0,26.0,4.0,5.0,4.0,0.0,4.0,0.0,0.0,0.0,0.0,1.0,4.0,4.0,2.0,9.0,0.0,3.0,4.0,0.0,4.0,0.0,0.0,6.084743634213434,4.0,1.9434000000000002,90.87800000000004,0.0,0.0,0.0,0.0,0.0,0.0,0.0,0.0,0.0,0.0,0.0,0.0,0.0,0.0,0.0,0.0,0.0,2.0,0.0,0.0,0.0,0.0,0.0,0.0,0.0,3.0,0.0,0.0,0.0,0.0,0.0,0.0,0.0,0.0,0.0,0.0,0.0,0.0,0.0,0.0,0.0,0.0,0.0,0.0,3.0,0.0,0.0,0.0,0.0,0.0,0.0,0.0,0.0,0.0,0.0,0.0,0.0,0.0,0.0,0.0,0.0,0.0,0.0,0.0,0.0,0.0,0.0,0.0,0.0,0.0,0.0,0.0,0.0,0.0,1.0,0.0,0.0,0.0,0.0,0.0,0.0,0.0,0.0,0.0,0.0,0.589089,0.123922,0.1716,0.0063,0.1654,0.0299,0.0517,-0.0218,0.08562,0.213885,3.35194417,1053.40637,0.61759252,-0.0635359,2180.82255,0.772,1053.40637,0.297248,8.01,25.36,-0.4907847781,-0.7780967459,0.38888,-0.166346,0.154,0.1533,0.0006,-0.230851,-0.092057,4.82053446,0.0,0.0,392.99301,0.41360707,-0.5786952,-144.69792714,-75.3297028,11.672798,577.65189,0.8535,392.99301,0.301934,33.33,26.95,-0.6268104467
CC(C)(C)[C@H](N)C[NH+]1CCOCC1.O=C([O-])C(F)(F)F,10.516203703703704,10.516203703703704,0.2274844104308391,-5.194444444444445,0.6554431268056558,18.95,300.3209999999999,277.13699999999994,300.16607725600005,120.0,0.0,0.4302922167488184,-0.541726828036536,0.541726828036536,0.4302922167488184,1.3,1.7,2.0,19.413489003143123,9.869089105645024,2.2852620807513073,-2.317035751373793,2.15240290873573,-3.151586117086849,5.702486358050569,-0.9090642381915978,2.281560351052867,4.4054943083078533e-07,297.30312261262367,15.974691494688166,12.048872734731262,12.048872734731262,8.942394238613955,6.393462199339161,6.393462199339161,5.824231604614179,5.824231604614179,3.0523218590607613,3.0523218590607613,1.4813893715520874,1.4813893715520874,-0.8600000000000001,9847.214475144174,19.14,7.7991585887069155,8.33856213241858,116.41924594393369,25.27150474072524,19.058818099777,0.0,0.0,0.0,6.176298517443475,0.0,0.0,13.171245143024459,0.0,20.771211599071872,5.41499046939678,0.0,25.80036116408637,32.70908240658752,5.969305287951849,0.0,0.0,11.148657946558965,32.98935094566331,32.84803314676356,0.0,0.0,0.0,15.74010460285337,13.171245143024459,0.0,0.0,51.035477781306845,9.53140013787187,5.41499046939678,20.771211599071872,0.0,0.0,0.0,0.0,79.82,12.145603805395325,13.171245143024459,0.0,5.41499046939678,6.041840829147961,32.84803314676356,0.0,4.899909730850478,0.0,20.771211599071872,20.37159500987476,36.85385085978836,0.0,10.376087962962963,8.784722222222221,6.347410714285714,-3.0069444444444438,0.29222222222222194,-5.194444444444445,11.713761574074073,0.0,0.9166666666666666,20.0,3.0,5.0,0.0,1.0,1.0,0.0,0.0,0.0,0.0,1.0,0.0,4.0,2.0,8.0,1.0,2.0,0.0,1.0,1.0,0.0,0.0,7.463794769392519,1.0,-1.4264999999999957,64.87510000000003,1.0,0.0,0.0,0.0,0.0,0.0,0.0,0.0,1.0,1.0,1.0,1.0,0.0,0.0,0.0,0.0,1.0,1.0,0.0,0.0,0.0,0.0,0.0,0.0,0.0,3.0,0.0,0.0,0.0,0.0,0.0,0.0,0.0,0.0,0.0,0.0,0.0,0.0,0.0,0.0,0.0,1.0,0.0,0.0,3.0,0.0,0.0,0.0,0.0,0.0,0.0,0.0,0.0,0.0,0.0,0.0,1.0,0.0,0.0,0.0,0.0,0.0,0.0,0.0,0.0,0.0,0.0,0.0,0.0,0.0,0.0,0.0,0.0,0.0,1.0,0.0,0.0,0.0,0.0,0.0,0.0,0.0,0.0,0.0,0.0,0.620831,0.124372,0.1757,0.0093,0.1665,0.0396,0.074,-0.0343,0.038429,0.213583,3.72473155,844.1632,0.64590771,-0.0342442,1622.48972,0.791,844.1632,0.315272,19.32,25.68,-0.3297767397,-0.7727459881,0.361153,-0.134642,0.2565,0.2453,0.0113,-0.24225,-0.120876,5.20140834,0.0,0.0,341.02937,0.40544164,-0.3321125,-139.74885424,-83.61896042,9.343945,469.9457,0.8572,341.02937,0.194728,24.5,34.13,-0.4884777784
CC(C)(C)[C@H](N)C[NH2+]C12C[C@H]3C[C@@H](C1)C[C@@H](C2)C3.O=C([O-])C(F)(F)F,10.516203703703704,10.516203703703704,0.24880420918367374,-5.194444444444445,0.7891442075196099,35.08,364.452,333.20399999999995,364.233762892,146.0,0.0,0.4302922167488184,-0.541726828036536,0.541726828036536,0.4302922167488184,1.12,1.48,1.76,19.413491961273643,9.527003639469626,2.529856226418404,-2.546992258741527,2.536059849799716,-3.0047942124576594,5.7025217753409585,-0.7406443987608393,2.415541717884949,2.7650791404738703e-07,450.409087132527,19.043605595440514,15.364239083399,15.364239083399,11.306097543770228,9.187269969382978,9.187269969382978,9.477489293245354,9.477489293245354,6.234229384576777,6.234229384576777,5.158153905795627,5.158153905795627,-0.8200000000000003,152613.92573597108,20.491403644356346,7.063446343123441,5.327382994912988,147.27371960715269,20.951520660081044,5.969305287951849,0.0,0.0,0.0,6.176298517443475,0.0,0.0,13.171245143024459,0.0,20.771211599071872,42.431173476658984,19.26246486877803,18.12552248744388,28.389098325943323,5.969305287951849,0.0,0.0,28.902376085043144,77.05320593560272,6.544756405912575,0.0,0.0,0.0,16.156983476009223,13.171245143024459,0.0,0.0,30.271126292839202,4.794537184071822,23.16870860788096,59.29614133662794,0.0,0.0,0.0,0.0,82.75999999999999,12.145603805395325,13.171245143024459,0.0,5.41499046939678,11.580766081531305,24.298474544396754,38.524929737556064,0.0,0.0,26.088000203078202,15.634732056074713,31.548611111111114,0.0,8.784722222222221,11.444837962962962,7.1924514597505675,0.15517006802721056,0.32454128873771726,3.8718569302721093,7.927808956916099,0.0,0.9444444444444444,25.0,4.0,4.0,4.0,0.0,4.0,0.0,0.0,0.0,0.0,1.0,4.0,3.0,2.0,7.0,0.0,3.0,4.0,0.0,4.0,0.0,0.0,5.789597205487808,4.0,1.190600000000001,86.18780000000004,1.0,0.0,0.0,0.0,0.0,0.0,0.0,0.0,1.0,1.0,1.0,1.0,0.0,0.0,0.0,0.0,0.0,2.0,0.0,0.0,0.0,0.0,0.0,0.0,0.0,3.0,0.0,0.0,0.0,0.0,0.0,0.0,0.0,0.0,0.0,0.0,0.0,0.0,0.0,0.0,0.0,0.0,0.0,0.0,3.0,0.0,0.0,0.0,0.0,0.0,0.0,0.0,0.0,0.0,0.0,0.0,0.0,0.0,0.0,0.0,0.0,0.0,0.0,0.0,0.0,0.0,0.0,0.0,0.0,0.0,0.0,0.0,0.0,0.0,1.0,0.0,0.0,0.0,0.0,0.0,0.0,0.0,0.0,0.0,0.0,0.589089,0.123922,0.1716,0.0063,0.1654,0.0299,0.0517,-0.0218,0.08562,0.213885,3.35194417,1053.40637,0.61759252,-0.0635359,2180.82255,0.772,1053.40637,0.297248,8.01,25.36,-0.4907847781,-0.7780967459,0.361153,-0.134642,0.2565,0.2453,0.0113,-0.24225,-0.120876,5.20140834,0.0,0.0,341.02937,0.40544164,-0.3321125,-139.74885424,-83.61896042,9.343945,469.9457,0.8572,341.02937,0.194728,24.5,34.13,-0.4884777784
CC(C)(C)[C@H](N)C[NH+]1CCS(=O)(=O)CC1.O=S(=O)([O-])C(F)(F)F,11.234216860355254,11.234216860355254,0.10051799886621327,-6.090277777777778,0.45196934561651875,21.217391304347824,384.442,361.258,384.100048496,140.0,0.0,0.485234805463619,-0.7411547731218965,0.7411547731218965,0.485234805463619,1.173913043478261,1.5217391304347827,1.7826086956521738,32.24035707064402,9.86948585426204,2.3652116736282673,-2.3166532242735003,2.1997732349898933,-3.1541120313534177,7.909739198211051,-0.8976574083695511,2.2845277997391755,5.151666414977515e-07,567.763667382746,18.69023444431199,13.181865896586714,14.814859058442167,9.95612534682644,6.772671387440564,10.002286882950346,6.478325844002071,10.153120860813818,3.4376735222078763,5.656885458041876,1.6480560382187543,3.051538920568457,-0.43000000000000016,23768.227228486383,22.569999999999997,7.636950389884435,8.839769055912797,134.2390371396176,15.186327081703027,0.0,19.955379995451054,0.0,0.0,5.508330501264255,0.0,16.835593968657875,13.171245143024459,0.0,20.771211599071872,5.41499046939678,0.0,37.18181726037926,39.45949871622318,19.955379995451054,0.0,0.0,11.148657946558965,32.32138292948409,31.139976431231304,0.0,0.0,0.0,10.633577208012664,13.171245143024459,0.0,0.0,64.07849160399176,19.955379995451054,5.41499046939678,20.771211599071872,0.0,0.0,0.0,0.0,121.79999999999998,25.463710496715308,21.589042127353395,0.0,11.45683129854474,24.595220025318728,6.544756405912575,4.899909730850478,0.0,0.0,20.771211599071872,18.704214335181486,81.3712114984883,0.0,1.3261574074074076,0.0,0.5335820578231294,0.6372940287226001,0.1326889644746787,0.0,8.671264999055177,-8.838865622637943,1.0,23.0,3.0,7.0,0.0,1.0,1.0,0.0,0.0,0.0,0.0,1.0,0.0,6.0,2.0,12.0,1.0,2.0,0.0,1.0,1.0,0.0,0.0,7.494172621725725,1.0,-1.2754999999999952,77.40010000000004,0.0,0.0,0.0,0.0,0.0,0.0,0.0,0.0,0.0,0.0,0.0,0.0,0.0,0.0,0.0,0.0,1.0,1.0,0.0,0.0,0.0,0.0,0.0,0.0,0.0,3.0,0.0,0.0,0.0,0.0,0.0,0.0,0.0,0.0,0.0,0.0,0.0,0.0,0.0,0.0,0.0,0.0,0.0,0.0,3.0,0.0,0.0,0.0,0.0,0.0,0.0,0.0,0.0,0.0,0.0,0.0,0.0,0.0,0.0,0.0,0.0,0.0,0.0,0.0,0.0,0.0,0.0,0.0,0.0,0.0,0.0,0.0,0.0,0.0,1.0,0.0,0.0,1.0,0.0,0.0,0.0,0.0,0.0,0.0,0.0,0.62148,0.179223,0.0536,0.0043,0.0493,0.012,0.0435,-0.0314,-0.002988,0.234071,3.71768424,914.18418,0.65186466,-0.0953744,1792.93969,0.7784,916.84919,0.269343,17.43,22.35,-0.3406982966,-0.7648435076,0.38888,-0.166346,0.154,0.1533,0.0006,-0.230851,-0.092057,4.82053446,0.0,0.0,392.99301,0.41360707,-0.5786952,-144.69792714,-75.3297028,11.672798,577.65189,0.8535,392.99301,0.301934,33.33,26.95,-0.6268104467
CC(C)(C)[C@H](N)C[NH+]1CCC(F)(F)C1.O=C([O-])C(F)(F)F,12.879850718065004,12.879850718065004,0.004837018140589677,-5.194444444444445,0.6792760409611083,23.19047619047619,320.3019999999999,299.13399999999996,320.152319012,126.0,0.0,0.4302922167488184,-0.541726828036536,0.541726828036536,0.4302922167488184,1.3333333333333333,1.7619047619047619,2.0,19.41356909421771,9.870282093998311,2.425872921793691,-2.281884276481,2.1937725774829127,-3.1198754943010023,5.702491868860829,-0.8922217387131193,2.5557818106486163,4.857142612780627e-07,352.53739859163255,17.06047793231507,12.189446609099305,12.189446609099305,9.149501019800503,6.401183184345309,6.401183184345309,6.24458691946844,6.24458691946844,3.205358741398205,3.205358741398205,1.6936130963717888,1.6936130963717888,-0.9600000000000002,12625.562144604164,20.039999999999996,6.866574775576639,8.153126207819236,119.63677152027928,20.534641786925192,12.514061693864424,0.0,0.0,0.0,12.098827685538051,0.0,8.78083009534964,13.171245143024459,0.0,20.771211599071872,5.41499046939678,0.0,25.55217526389912,36.753049548137106,5.969305287951849,0.0,0.0,11.148657946558965,45.3327017366839,19.634269217737724,0.0,0.0,0.0,15.74010460285337,21.9520752383741,0.0,0.0,43.74424302037559,4.794537184071822,5.41499046939678,27.19203322199788,0.0,0.0,0.0,0.0,70.59,18.0681329734899,21.9520752383741,0.0,24.422409327383324,13.08951281182515,4.899909730850478,0.0,0.0,20.771211599071872,0.0,15.634732056074713,57.308312547241115,0.0,9.726782407407407,8.784722222222221,5.958238378684808,-5.472284108087679,-0.007962962962963172,-5.1813529856387,7.3002111678004535,0.0,0.9166666666666666,21.0,3.0,4.0,0.0,1.0,1.0,0.0,0.0,0.0,0.0,2.0,0.0,3.0,2.0,9.0,1.0,2.0,0.0,1.0,1.0,0.0,1.0,6.5526742144074195,1.0,-0.4176999999999982,63.62010000000003,1.0,0.0,0.0,0.0,0.0,0.0,0.0,0.0,1.0,1.0,1.0,1.0,0.0,0.0,0.0,0.0,1.0,1.0,0.0,0.0,1.0,0.0,0.0,0.0,0.0,5.0,0.0,0.0,0.0,0.0,0.0,0.0,0.0,0.0,0.0,0.0,0.0,0.0,0.0,0.0,0.0,0.0,0.0,0.0,5.0,0.0,0.0,0.0,0.0,0.0,0.0,0.0,0.0,0.0,0.0,0.0,0.0,0.0,0.0,0.0,0.0,0.0,0.0,0.0,0.0,0.0,0.0,0.0,0.0,0.0,0.0,0.0,0.0,0.0,1.0,0.0,0.0,0.0,0.0,0.0,0.0,0.0,0.0,0.0,0.0,0.634545,0.128931,0.0754,0.1101,-0.0347,0.163,0.0165,0.1465,0.027975,0.232481,3.7924382,853.19437,0.66318373,-0.0227757,1610.8466,0.7789,853.19437,0.310672,36.14,25.97,-0.4297137421,-0.6400170334,0.361153,-0.134642,0.2565,0.2453,0.0113,-0.24225,-0.120876,5.20140834,0.0,0.0,341.02937,0.40544164,-0.3321125,-139.74885424,-83.61896042,9.343945,469.9457,0.8572,341.02937,0.194728,24.5,34.13,-0.4884777784
N[C@H](C[NH+]1CCOCC1)C12C[C@H]3C[C@@H](C1)C[C@@H](C2)C3.O=S(=O)([O-])C(F)(F)F,10.662037037037038,10.662037037037038,0.43888888888888844,-6.090277777777778,0.5178011765509634,37.592592592592595,414.49000000000007,385.258,414.18001306799994,158.0,0.0,0.485234805463619,-0.7411547731218965,0.7411547731218965,0.485234805463619,1.0740740740740742,1.4814814814814814,1.8518518518518519,32.24019443417992,9.475157488934183,2.535766598920196,-2.584502493925384,2.6033534891917998,-3.152497759233902,7.861234498676721,-0.9092569710772411,2.5295012125808003,2.2608550895172092e-07,584.8740694691778,19.872032720186702,15.340060810347152,16.15655739127488,12.48391335159448,9.674232840061817,11.08248113052568,8.85278240161408,10.223940741964215,6.864138043826396,7.431084753340242,6.023467218241732,6.023467218241732,-0.42000000000000004,682692.1412658574,21.29274279017904,7.7764998678659945,4.9543048144771635,157.8993432131299,19.923190035503076,13.08951281182515,10.118126859033554,0.0,0.0,5.508330501264255,0.0,8.417796984328938,13.171245143024459,0.0,0.0,61.69363834543702,0.0,25.80036116408637,35.77856468569429,10.118126859033554,0.0,0.0,28.902376085043144,50.075101067968276,32.84803314676356,0.0,0.0,0.0,10.633577208012664,13.171245143024459,0.0,0.0,57.36875133519508,14.854989812833603,23.16870860788096,38.524929737556064,0.0,0.0,0.0,0.0,96.89,15.62645736029781,13.171245143024459,0.0,0.0,11.45683129854474,30.967482067510012,58.15919895529379,4.899909730850478,0.0,0.0,23.441077288981536,64.37170194003528,0.0,1.6893476001511718,0.0,1.6240079365079376,3.0749699231544465,0.43888888888888844,8.917643140589568,5.3903850151171575,-6.090277777777778,1.0,27.0,3.0,6.0,4.0,1.0,5.0,0.0,0.0,0.0,0.0,1.0,4.0,5.0,2.0,10.0,1.0,3.0,4.0,1.0,5.0,0.0,0.0,6.1327041294197,5.0,0.4966000000000006,90.71530000000004,0.0,0.0,0.0,0.0,0.0,0.0,0.0,0.0,0.0,0.0,0.0,0.0,0.0,0.0,0.0,0.0,1.0,1.0,0.0,0.0,0.0,0.0,0.0,0.0,0.0,3.0,0.0,0.0,0.0,0.0,0.0,0.0,0.0,0.0,0.0,0.0,0.0,0.0,0.0,0.0,0.0,1.0,0.0,0.0,3.0,0.0,0.0,0.0,0.0,0.0,0.0,0.0,0.0,0.0,0.0,0.0,1.0,0.0,0.0,0.0,0.0,0.0,0.0,0.0,0.0,0.0,0.0,0.0,0.0,0.0,0.0,0.0,0.0,0.0,1.0,0.0,0.0,0.0,0.0,0.0,0.0,0.0,0.0,0.0,0.0,0.577224,0.124715,0.1726,0.0035,0.169,0.0395,0.0186,0.0209,0.037299,0.211012,3.35700324,1038.76668,0.62739307,-0.0515007,2148.00837,0.775,1038.76668,0.273765,8.14,25.5,-0.3306643935,-0.7754311332,0.38888,-0.166346,0.154,0.1533,0.0006,-0.230851,-0.092057,4.82053446,0.0,0.0,392.99301,0.41360707,-0.5786952,-144.69792714,-75.3297028,11.672798,577.65189,0.8535,392.99301,0.301934,33.33,26.95,-0.6268104467
C[NH+](C)[C@H](CN1CCOCC1)C(C)(C)C.O=S(=O)([O-])C(F)(F)F,10.662037037037038,10.662037037037038,0.37216033635676493,-6.090277777777778,0.5605775871582497,19.217391304347824,364.43,337.21399999999994,364.164363004,140.0,0.0,0.485234805463619,-0.7411547731218965,0.7411547731218965,0.485234805463619,1.173913043478261,1.565217391304348,1.826086956521739,32.24019409134956,9.853220885147666,2.365518840558795,-2.375174097987782,2.201240733919622,-3.1219435872809145,7.861230125455311,-0.892758879999314,2.3350730062524154,5.151666419274389e-07,441.1164346560756,18.474691494688166,14.235232641969318,15.051729222897045,10.15970216816285,7.282702981639401,8.690951272103264,6.808807025476859,8.179965365827,3.5702598454493697,4.137206554963212,2.3643977500659914,2.3643977500659914,-0.42000000000000004,30645.4981340567,22.579999999999995,8.610730984334353,8.847118679157392,135.87701118932176,14.18952255834089,6.041840829147961,10.118126859033554,0.0,0.0,5.508330501264255,4.899909730850478,8.417796984328938,13.171245143024459,0.0,20.771211599071872,0.0,18.50450328122193,33.85386430029279,35.77856468569429,10.118126859033554,0.0,4.899909730850478,5.41499046939678,32.32138292948409,46.943377112117936,0.0,0.0,0.0,4.899909730850478,13.171245143024459,0.0,0.0,76.36400503139991,14.854989812833603,5.41499046939678,20.771211599071872,0.0,0.0,0.0,0.0,74.11,15.62645736029781,13.171245143024459,0.0,0.0,11.45683129854474,26.303276740850986,6.544756405912575,4.899909730850478,0.0,39.76646529527673,17.70740981181935,64.28167824074075,0.0,4.084135959939532,0.0,-5.273672996976568,0.0,0.6903703703703702,0.0,12.20387117346939,-1.5697160808767947,1.0,23.0,1.0,6.0,0.0,1.0,1.0,0.0,0.0,0.0,0.0,1.0,0.0,5.0,1.0,10.0,1.0,3.0,0.0,1.0,1.0,0.0,0.0,8.453491548968245,1.0,-0.07079999999999753,79.06490000000005,0.0,0.0,0.0,0.0,0.0,0.0,0.0,0.0,0.0,0.0,0.0,0.0,0.0,0.0,0.0,1.0,1.0,0.0,0.0,1.0,0.0,0.0,0.0,0.0,0.0,3.0,0.0,0.0,0.0,0.0,0.0,0.0,0.0,0.0,0.0,0.0,0.0,0.0,0.0,0.0,0.0,1.0,0.0,0.0,3.0,0.0,0.0,0.0,0.0,0.0,0.0,0.0,0.0,0.0,0.0,0.0,1.0,0.0,0.0,0.0,0.0,0.0,0.0,0.0,0.0,0.0,0.0,0.0,0.0,0.0,0.0,0.0,0.0,0.0,1.0,0.0,0.0,0.0,0.0,0.0,0.0,0.0,0.0,0.0,0.0,0.600704,0.119563,0.0555,0.1116,-0.0561,0.1491,0.0272,0.1218,0.051811,0.19031,3.55572868,930.05443,0.63689116,-0.0456157,1898.01068,0.7971,930.05443,0.290087,33.34,27.15,-0.4265492049,-0.3342110309,0.38888,-0.166346,0.154,0.1533,0.0006,-0.230851,-0.092057,4.82053446,0.0,0.0,392.99301,0.41360707,-0.5786952,-144.69792714,-75.3297028,11.672798,577.65189,0.8535,392.99301,0.301934,33.33,26.95,-0.6268104467
