index,rdkit_MaxAbsEStateIndex,rdkit_MaxEStateIndex,rdkit_MinAbsEStateIndex,rdkit_MinEStateIndex,rdkit_qed,rdkit_SPS,rdkit_MolWt,rdkit_HeavyAtomMolWt,rdkit_ExactMolWt,rdkit_NumValenceElectrons,rdkit_NumRadicalElectrons,rdkit_MaxPartialCharge,rdkit_MinPartialCharge,rdkit_MaxAbsPartialCharge,rdkit_MinAbsPartialCharge,rdkit_FpDensityMorgan1,rdkit_FpDensityMorgan2,rdkit_FpDensityMorgan3,rdkit_BCUT2D_MWHI,rdkit_BCUT2D_MWLOW,rdkit_BCUT2D_CHGHI,rdkit_BCUT2D_CHGLO,rdkit_BCUT2D_LOGPHI,rdkit_BCUT2D_LOGPLOW,rdkit_BCUT2D_MRHI,rdkit_BCUT2D_MRLOW,rdkit_AvgIpc,rdkit_BalabanJ,rdkit_BertzCT,rdkit_Chi0,rdkit_Chi0n,rdkit_Chi0v,rdkit_Chi1,rdkit_Chi1n,rdkit_Chi1v,rdkit_Chi2n,rdkit_Chi2v,rdkit_Chi3n,rdkit_Chi3v,rdkit_Chi4n,rdkit_Chi4v,rdkit_HallKierAlpha,rdkit_Ipc,rdkit_Kappa1,rdkit_Kappa2,rdkit_Kappa3,rdkit_LabuteASA,rdkit_PEOE_VSA1,rdkit_PEOE_VSA10,rdkit_PEOE_VSA11,rdkit_PEOE_VSA12,rdkit_PEOE_VSA13,rdkit_PEOE_VSA14,rdkit_PEOE_VSA2,rdkit_PEOE_VSA3,rdkit_PEOE_VSA4,rdkit_PEOE_VSA5,rdkit_PEOE_VSA6,rdkit_PEOE_VSA7,rdkit_PEOE_VSA8,rdkit_PEOE_VSA9,rdkit_SMR_VSA1,rdkit_SMR_VSA10,rdkit_SMR_VSA2,rdkit_SMR_VSA3,rdkit_SMR_VSA4,rdkit_SMR_VSA5,rdkit_SMR_VSA6,rdkit_SMR_VSA7,rdkit_SMR_VSA8,rdkit_SMR_VSA9,rdkit_SlogP_VSA1,rdkit_SlogP_VSA10,rdkit_SlogP_VSA11,rdkit_SlogP_VSA12,rdkit_SlogP_VSA2,rdkit_SlogP_VSA3,rdkit_SlogP_VSA4,rdkit_SlogP_VSA5,rdkit_SlogP_VSA6,rdkit_SlogP_VSA7,rdkit_SlogP_VSA8,rdkit_SlogP_VSA9,rdkit_TPSA,rdkit_EState_VSA1,rdkit_EState_VSA10,rdkit_EState_VSA11,rdkit_EState_VSA2,rdkit_EState_VSA3,rdkit_EState_VSA4,rdkit_EState_VSA5,rdkit_EState_VSA6,rdkit_EState_VSA7,rdkit_EState_VSA8,rdkit_EState_VSA9,rdkit_VSA_EState1,rdkit_VSA_EState10,rdkit_VSA_EState2,rdkit_VSA_EState3,rdkit_VSA_EState4,rdkit_VSA_EState5,rdkit_VSA_EState6,rdkit_VSA_EState7,rdkit_VSA_EState8,rdkit_VSA_EState9,rdkit_FractionCSP3,rdkit_HeavyAtomCount,rdkit_NHOHCount,rdkit_NOCount,rdkit_NumAliphaticCarbocycles,rdkit_NumAliphaticHeterocycles,rdkit_NumAliphaticRings,rdkit_NumAmideBonds,rdkit_NumAromaticCarbocycles,rdkit_NumAromaticHeterocycles,rdkit_NumAromaticRings,rdkit_NumAtomStereoCenters,rdkit_NumBridgeheadAtoms,rdkit_NumHAcceptors,rdkit_NumHDonors,rdkit_NumHeteroatoms,rdkit_NumHeterocycles,rdkit_NumRotatableBonds,rdkit_NumSaturatedCarbocycles,rdkit_NumSaturatedHeterocycles,rdkit_NumSaturatedRings,rdkit_NumSpiroAtoms,rdkit_NumUnspecifiedAtomStereoCenters,rdkit_Phi,rdkit_RingCount,rdkit_MolLogP,rdkit_MolMR,rdkit_fr_Al_COO,rdkit_fr_Al_OH,rdkit_fr_Al_OH_noTert,rdkit_fr_ArN,rdkit_fr_Ar_COO,rdkit_fr_Ar_N,rdkit_fr_Ar_NH,rdkit_fr_Ar_OH,rdkit_fr_COO,rdkit_fr_COO2,rdkit_fr_C_O,rdkit_fr_C_O_noCOO,rdkit_fr_C_S,rdkit_fr_HOCCN,rdkit_fr_Imine,rdkit_fr_NH0,rdkit_fr_NH1,rdkit_fr_NH2,rdkit_fr_N_O,rdkit_fr_Ndealkylation1,rdkit_fr_Ndealkylation2,rdkit_fr_Nhpyrrole,rdkit_fr_SH,rdkit_fr_aldehyde,rdkit_fr_alkyl_carbamate,rdkit_fr_alkyl_halide,rdkit_fr_allylic_oxid,rdkit_fr_amide,rdkit_fr_amidine,rdkit_fr_aniline,rdkit_fr_aryl_methyl,rdkit_fr_azide,rdkit_fr_azo,rdkit_fr_barbitur,rdkit_fr_benzene,rdkit_fr_benzodiazepine,rdkit_fr_bicyclic,rdkit_fr_diazo,rdkit_fr_dihydropyridine,rdkit_fr_epoxide,rdkit_fr_ester,rdkit_fr_ether,rdkit_fr_furan,rdkit_fr_guanido,rdkit_fr_halogen,rdkit_fr_hdrzine,rdkit_fr_hdrzone,rdkit_fr_imidazole,rdkit_fr_imide,rdkit_fr_isocyan,rdkit_fr_isothiocyan,rdkit_fr_ketone,rdkit_fr_ketone_Topliss,rdkit_fr_lactam,rdkit_fr_lactone,rdkit_fr_methoxy,rdkit_fr_morpholine,rdkit_fr_nitrile,rdkit_fr_nitro,rdkit_fr_nitro_arom,rdkit_fr_nitro_arom_nonortho,rdkit_fr_nitroso,rdkit_fr_oxazole,rdkit_fr_oxime,rdkit_fr_para_hydroxylation,rdkit_fr_phenol,rdkit_fr_phenol_noOrthoHbond,rdkit_fr_phos_acid,rdkit_fr_phos_ester,rdkit_fr_piperdine,rdkit_fr_piperzine,rdkit_fr_priamide,rdkit_fr_prisulfonamd,rdkit_fr_pyridine,rdkit_fr_quatN,rdkit_fr_sulfide,rdkit_fr_sulfonamd,rdkit_fr_sulfone,rdkit_fr_term_acetylene,rdkit_fr_tetrazole,rdkit_fr_thiazole,rdkit_fr_thiocyan,rdkit_fr_thiophene,rdkit_fr_unbrch_alkane,rdkit_fr_urea,dft_E(T),dft_SPP,dft_SB,dft_SA,dft_α,dft_β,dft_π*,dft_ε,dft_nD20(g),dft_δd,dft_δp,dft_δh,dft_δ,dft_f(n2)
Chloroform,4.805555555555555,4.805555555555555,0.7499999999999998,-0.7499999999999998,0.4278591758228657,9.0,119.378,118.37,117.914383072,26.0,0.0,0.1801066354777967,-0.0874115277790443,0.1801066354777967,0.0874115277790443,1.0,1.0,1.0,35.5822735642317,11.883726435768317,1.784478802130524,-1.689783694431772,2.032326292356132,-1.5459262923561314,6.625347315474259,1.9606526845257368,0.8112781244591328,2.3237900077244498,8.0,3.5773502691896257,1.7112436882173077,3.979030526272671,1.7320508075688772,0.6546536707079772,1.9639610121239317,0.2474358296526967,2.226922466874271,0.0,0.0,0.0,0.0,0.8699999999999999,3.2451124978365318,4.87,2.128397932816538,13.25948341920994,39.64904970847457,0.0,0.0,4.2954515122943855,0.0,0.0,0.0,0.0,0.0,0.0,0.0,34.802819670697545,0.0,0.0,0.0,0.0,34.802819670697545,0.0,0.0,0.0,4.2954515122943855,0.0,0.0,0.0,0.0,0.0,0.0,0.0,34.802819670697545,4.2954515122943855,0.0,0.0,0.0,0.0,0.0,0.0,0.0,0.0,4.2954515122943855,0.0,0.0,0.0,0.0,0.0,0.0,0.0,0.0,0.0,34.802819670697545,-0.7499999999999998,14.416666666666666,0.0,0.0,0.0,0.0,0.0,0.0,0.0,0.0,1.0,4.0,0.0,0.0,0.0,0.0,0.0,0.0,0.0,0.0,0.0,0.0,0.0,0.0,0.0,3.0,0.0,0.0,0.0,0.0,0.0,0.0,0.0,2.591324483204135,0.0,1.9864,21.347,0.0,0.0,0.0,0.0,0.0,0.0,0.0,0.0,0.0,0.0,0.0,0.0,0.0,0.0,0.0,0.0,0.0,0.0,0.0,0.0,0.0,0.0,0.0,0.0,0.0,3.0,0.0,0.0,0.0,0.0,0.0,0.0,0.0,0.0,0.0,0.0,0.0,0.0,0.0,0.0,0.0,0.0,0.0,0.0,3.0,0.0,0.0,0.0,0.0,0.0,0.0,0.0,0.0,0.0,0.0,0.0,0.0,0.0,0.0,0.0,0.0,0.0,0.0,0.0,0.0,0.0,0.0,0.0,0.0,0.0,0.0,0.0,0.0,0.0,0.0,0.0,0.0,0.0,0.0,0.0,0.0,0.0,0.0,0.0,0.0,0.26,0.79,0.07,0.05,0.2,0.1,0.58,4.7113,1.4459,8.7,1.52,2.79,9.261992226,0.210494774
MeCN,7.319444444444445,7.319444444444445,1.4305555555555556,1.4305555555555556,0.3869805798690773,2.6666666666666665,41.053,38.029,41.026549096,16.0,0.0,0.058714823771249,-0.1986584259265234,0.1986584259265234,0.058714823771249,2.0,2.0,2.0,14.199772541067192,10.95508811650909,1.17273252659199,-1.1465232203603164,1.2146152150896594,-1.100101722274293,4.507020971444977,1.4896531954173182,0.9182958340544894,2.475534205527556,24.264662506490403,2.7071067811865475,1.9472135954999577,1.9472135954999577,1.4142135623730951,0.7236067977499789,0.7236067977499789,0.2236067977499789,0.2236067977499789,0.0,0.0,0.0,0.0,-0.51,2.754887502163468,2.490000000000001,1.4900000000000018,1.489999999999999,19.496772823694872,0.0,0.0,0.0,0.0,0.0,0.0,0.0,0.0,5.261891554738487,0.0,0.0,0.0,6.923737199690624,6.069221312792274,0.0,0.0,5.261891554738487,0.0,0.0,6.923737199690624,0.0,0.0,0.0,6.069221312792274,0.0,0.0,0.0,0.0,0.0,0.0,11.33111286753076,6.923737199690624,0.0,0.0,0.0,0.0,23.79,0.0,0.0,0.0,0.0,0.0,0.0,6.923737199690624,6.069221312792274,0.0,0.0,5.261891554738487,0.0,0.0,0.0,7.319444444444445,0.0,0.0,1.75,0.0,1.4305555555555556,0.0,0.5,3.0,0.0,1.0,0.0,0.0,0.0,0.0,0.0,0.0,0.0,0.0,0.0,1.0,0.0,1.0,0.0,0.0,0.0,0.0,0.0,0.0,0.0,1.236700000000002,0.0,0.52988,11.287,0.0,0.0,0.0,0.0,0.0,0.0,0.0,0.0,0.0,0.0,0.0,0.0,0.0,0.0,0.0,1.0,0.0,0.0,0.0,0.0,0.0,0.0,0.0,0.0,0.0,0.0,0.0,0.0,0.0,0.0,0.0,0.0,0.0,0.0,0.0,0.0,0.0,0.0,0.0,0.0,0.0,0.0,0.0,0.0,0.0,0.0,0.0,0.0,0.0,0.0,0.0,0.0,0.0,0.0,0.0,0.0,0.0,1.0,0.0,0.0,0.0,0.0,0.0,0.0,0.0,0.0,0.0,0.0,0.0,0.0,0.0,0.0,0.0,0.0,0.0,0.0,0.0,0.0,0.0,0.0,0.0,0.0,0.0,0.0,0.0,0.46,0.9,0.29,0.04,0.19,0.4,0.75,35.688,1.3441,7.48,8.8,2.98,11.92773239,0.174846772
Et2O,4.833333333333333,4.833333333333333,0.84375,0.84375,0.4752681489358652,8.4,74.123,64.04299999999999,74.07316494,32.0,0.0,0.0437084125246928,-0.3820258357826421,0.3820258357826421,0.0437084125246928,1.2,1.6,1.6,16.471489792223306,10.800690364709848,1.635249239958044,-1.8589755250228044,1.6400163366950409,-1.837381208276838,4.066771354077524,0.16176261138507,1.4056390622295665,2.19060968716425,11.119415478763749,4.121320343559642,3.822461852836958,3.822461852836958,2.414213562373095,1.9915638315627209,1.9915638315627209,0.7814744144215573,0.7814744144215573,0.408248290463863,0.408248290463863,0.2041241452319315,0.2041241452319315,-0.04,11.245112497836532,4.960000000000001,3.96,3.96,32.94762260052625,4.736862953800049,0.0,0.0,0.0,0.0,0.0,0.0,0.0,0.0,0.0,0.0,13.847474399381248,13.213763929025836,0.0,4.736862953800049,0.0,0.0,0.0,0.0,13.847474399381248,13.213763929025836,0.0,0.0,0.0,0.0,0.0,0.0,0.0,13.213763929025836,4.736862953800049,0.0,13.847474399381248,0.0,0.0,0.0,0.0,9.23,0.0,0.0,0.0,0.0,0.0,13.213763929025836,0.0,0.0,13.847474399381248,0.0,4.736862953800049,4.833333333333333,0.0,0.0,0.0,0.0,0.0,0.0,0.0,5.666666666666666,0.0,1.0,5.0,0.0,1.0,0.0,0.0,0.0,0.0,0.0,0.0,0.0,0.0,0.0,1.0,0.0,1.0,0.0,2.0,0.0,0.0,0.0,0.0,0.0,3.9283200000000007,0.0,1.0428000000000002,22.166999999999994,0.0,0.0,0.0,0.0,0.0,0.0,0.0,0.0,0.0,0.0,0.0,0.0,0.0,0.0,0.0,0.0,0.0,0.0,0.0,0.0,0.0,0.0,0.0,0.0,0.0,0.0,0.0,0.0,0.0,0.0,0.0,0.0,0.0,0.0,0.0,0.0,0.0,0.0,0.0,0.0,0.0,1.0,0.0,0.0,0.0,0.0,0.0,0.0,0.0,0.0,0.0,0.0,0.0,0.0,0.0,0.0,0.0,0.0,0.0,0.0,0.0,0.0,0.0,0.0,0.0,0.0,0.0,0.0,0.0,0.0,0.0,0.0,0.0,0.0,0.0,0.0,0.0,0.0,0.0,0.0,0.0,0.0,0.0,0.0,0.0,0.12,0.69,0.56,0.0,0.0,0.47,0.27,4.24,1.3524,7.09,1.42,2.49,7.647522475,0.17797141
DCM,4.763888888888888,4.763888888888888,0.1944444444444446,0.1944444444444446,0.3899621067041534,6.0,84.93299999999999,82.917,83.953355424,20.0,0.0,0.0967063903764919,-0.1091323299005052,0.1091323299005052,0.0967063903764919,1.3333333333333333,1.3333333333333333,1.3333333333333333,35.5390050819453,11.925994918054704,1.41220442040259,-1.4236303599266025,1.7266753099347358,-1.239675309934736,6.402082914730799,2.204917085269206,0.9182958340544894,1.6329931618554523,2.754887502163468,2.7071067811865475,1.463035727205002,2.974893619241911,1.4142135623730951,0.5345224838248487,1.6035674514745462,0.101015254455221,0.9091372900969896,0.0,0.0,0.0,0.0,0.58,2.754887502163468,3.58,2.58,2.580000000000001,29.3457834815929,0.0,0.0,0.0,0.0,0.0,0.0,0.0,0.0,0.0,23.20187978046503,0.0,0.0,0.0,5.33918526701467,0.0,23.20187978046503,0.0,0.0,0.0,0.0,5.33918526701467,0.0,0.0,0.0,0.0,0.0,0.0,23.20187978046503,5.33918526701467,0.0,0.0,0.0,0.0,0.0,0.0,0.0,0.0,0.0,0.0,0.0,5.33918526701467,0.0,0.0,0.0,0.0,0.0,0.0,23.20187978046503,0.0,9.527777777777777,0.0,0.1944444444444446,0.0,0.0,0.0,0.0,0.0,0.0,1.0,3.0,0.0,0.0,0.0,0.0,0.0,0.0,0.0,0.0,0.0,0.0,0.0,0.0,0.0,2.0,0.0,0.0,0.0,0.0,0.0,0.0,0.0,3.0788,0.0,1.4215,16.573,0.0,0.0,0.0,0.0,0.0,0.0,0.0,0.0,0.0,0.0,0.0,0.0,0.0,0.0,0.0,0.0,0.0,0.0,0.0,0.0,0.0,0.0,0.0,0.0,0.0,2.0,0.0,0.0,0.0,0.0,0.0,0.0,0.0,0.0,0.0,0.0,0.0,0.0,0.0,0.0,0.0,0.0,0.0,0.0,2.0,0.0,0.0,0.0,0.0,0.0,0.0,0.0,0.0,0.0,0.0,0.0,0.0,0.0,0.0,0.0,0.0,0.0,0.0,0.0,0.0,0.0,0.0,0.0,0.0,0.0,0.0,0.0,0.0,0.0,0.0,0.0,0.0,0.0,0.0,0.0,0.0,0.0,0.0,0.0,0.0,0.31,0.88,0.18,0.04,0.13,0.1,0.82,8.93,1.4242,8.9,3.08,2.98,9.878096983,0.203363342
PhMe,2.083333333333333,2.083333333333333,1.3217592592592595,1.3217592592592595,0.4588062796575454,8.714285714285714,92.141,84.07699999999998,92.062600256,36.0,0.0,-0.0397745263236275,-0.0622490857819948,0.0622490857819948,0.0397745263236275,1.0,1.5714285714285714,1.8571428571428568,13.782105281259431,10.2446262174219,1.7152546995077484,-1.8223238719751813,1.9162789955764008,-1.6221555927559288,5.11182720852277,1.475756642372446,1.6856161633204378,3.0214653097240864,129.96566024533826,5.112884175122364,4.386751345948129,4.386751345948129,3.393846850117352,2.41068360252296,2.41068360252296,1.654700538379252,1.654700538379252,0.9404557350153064,0.9404557350153064,0.5343778974176118,0.5343778974176118,-0.78,47.19725257297226,4.380771704180065,1.7832860398554335,1.0382641324115067,43.79634523389357,0.0,0.0,0.0,0.0,0.0,0.0,0.0,0.0,0.0,0.0,35.89528683400505,6.923737199690624,0.0,0.0,0.0,0.0,0.0,0.0,0.0,6.923737199690624,0.0,35.89528683400505,0.0,0.0,0.0,0.0,0.0,0.0,0.0,0.0,6.923737199690624,5.563451491696996,30.33183534230805,0.0,0.0,0.0,0.0,0.0,0.0,0.0,0.0,0.0,0.0,5.563451491696996,0.0,18.19910120538483,19.056471336613843,0.0,0.0,0.0,0.0,0.0,1.3217592592592595,0.0,10.261574074074074,0.0,2.083333333333333,0.0,0.1428571428571428,7.0,0.0,0.0,0.0,0.0,0.0,0.0,1.0,0.0,1.0,0.0,0.0,0.0,0.0,0.0,0.0,0.0,0.0,0.0,0.0,0.0,0.0,1.1160241462654297,1.0,1.99502,31.17899999999999,0.0,0.0,0.0,0.0,0.0,0.0,0.0,0.0,0.0,0.0,0.0,0.0,0.0,0.0,0.0,0.0,0.0,0.0,0.0,0.0,0.0,0.0,0.0,0.0,0.0,0.0,0.0,0.0,0.0,0.0,1.0,0.0,0.0,0.0,1.0,0.0,0.0,0.0,0.0,0.0,0.0,0.0,0.0,0.0,0.0,0.0,0.0,0.0,0.0,0.0,0.0,0.0,0.0,0.0,0.0,0.0,0.0,0.0,0.0,0.0,0.0,0.0,0.0,0.0,0.0,0.0,0.0,0.0,0.0,0.0,0.0,0.0,0.0,0.0,0.0,0.0,0.0,0.0,0.0,0.0,0.0,0.0,0.0,0.0,0.0,0.1,0.66,0.13,0.0,0.0,0.11,0.54,2.3741,1.4969,8.8,0.68,0.98,8.88047296,0.226348243
DMSO,9.555555555555555,9.555555555555555,0.6111111111111114,-0.6111111111111114,0.3981850774633207,8.75,78.136,72.088,78.013935812,26.0,0.0,0.0148042140882218,-0.2601579626577377,0.2601579626577377,0.0148042140882218,1.5,1.5,1.5,32.19696040763111,11.912196087574866,1.5716343363286278,-1.5986639964786291,1.470818670319327,-1.7011978973115964,7.829987043024964,0.6900118228151245,0.8112781244591328,2.8030394876740514,29.019550008653876,3.5773502691896257,2.8164965809277263,3.632993161855452,1.7320508075688772,0.9831632475943928,2.949489742783178,0.7415816237971965,2.224744871391589,0.0,0.0,0.0,0.0,0.1499999999999999,3.2451124978365318,4.150000000000002,1.4674603174603182,126.37222222222238,28.478447345802078,0.0,0.0,0.0,0.0,0.0,0.0,4.208898492164469,0.0,0.0,0.0,0.0,0.0,23.31110740992712,0.0,4.208898492164469,10.799569042904308,0.0,0.0,0.0,0.0,12.511538367022808,0.0,0.0,0.0,0.0,0.0,0.0,0.0,16.720436859187277,10.799569042904308,0.0,0.0,0.0,0.0,0.0,0.0,17.07,10.799569042904308,4.208898492164469,0.0,0.0,0.0,0.0,0.0,12.511538367022808,0.0,0.0,0.0,9.555555555555555,0.0,0.0,0.0,0.0,0.0,0.0,3.2777777777777777,0.0,-0.6111111111111114,1.0,4.0,0.0,1.0,0.0,0.0,0.0,0.0,0.0,0.0,0.0,0.0,0.0,1.0,0.0,2.0,0.0,0.0,0.0,0.0,0.0,0.0,0.0,1.5224900793650809,0.0,-0.0052999999999999,19.9904,0.0,0.0,0.0,0.0,0.0,0.0,0.0,0.0,0.0,0.0,0.0,0.0,0.0,0.0,0.0,0.0,0.0,0.0,0.0,0.0,0.0,0.0,0.0,0.0,0.0,0.0,0.0,0.0,0.0,0.0,0.0,0.0,0.0,0.0,0.0,0.0,0.0,0.0,0.0,0.0,0.0,0.0,0.0,0.0,0.0,0.0,0.0,0.0,0.0,0.0,0.0,0.0,0.0,0.0,0.0,0.0,0.0,0.0,0.0,0.0,0.0,0.0,0.0,0.0,0.0,0.0,0.0,0.0,0.0,0.0,0.0,0.0,0.0,0.0,0.0,0.0,0.0,0.0,0.0,0.0,0.0,0.0,0.0,0.0,0.0,0.44,1.0,0.65,0.07,0.0,0.76,1.0,46.826,1.4793,9.0,8.02,4.99,13.04685786,0.221016236
DMF,9.430555555555555,9.430555555555555,0.75,0.75,0.3902682398861675,6.8,73.095,66.03899999999999,73.052763844,30.0,0.0,0.2086847180796838,-0.3513867950108224,0.3513867950108224,0.2086847180796838,1.6,1.8,1.8,16.141264414836225,10.98473092998148,1.676590454284669,-1.9279522555013064,1.516430369884031,-2.0562001471122726,5.448254175176544,-0.1154411295914037,1.3787834934861756,2.825749368745867,33.87430298092722,4.284457050376173,3.4328121551534467,3.4328121551534467,2.270055610029662,1.3883283411425928,1.3883283411425928,1.069020630333226,1.069020630333226,0.210818510677892,0.210818510677892,0.0,0.0,-0.53,9.65148445440323,4.469999999999999,1.7581844380403455,3.469999999999999,31.390491026869903,4.899909730850478,0.0,0.0,6.410095306116121,0.0,0.0,4.794537184071822,0.0,0.0,0.0,0.0,0.0,14.09534396535438,0.0,4.794537184071822,6.410095306116121,0.0,4.899909730850478,0.0,0.0,14.09534396535438,0.0,0.0,0.0,0.0,0.0,0.0,0.0,25.405349002320985,4.794537184071822,0.0,0.0,0.0,0.0,0.0,0.0,20.31,0.0,4.794537184071822,0.0,0.0,0.0,6.410095306116121,4.899909730850478,14.09534396535438,0.0,0.0,0.0,0.0,0.0,10.875,0.0,0.0,0.0,0.0,0.75,0.0,3.375,0.6666666666666666,5.0,0.0,2.0,0.0,0.0,0.0,1.0,0.0,0.0,0.0,0.0,0.0,1.0,0.0,2.0,0.0,1.0,0.0,0.0,0.0,0.0,0.0,1.5718168876080685,0.0,-0.2956000000000001,19.751,0.0,0.0,0.0,0.0,0.0,0.0,0.0,0.0,0.0,0.0,1.0,1.0,0.0,0.0,0.0,1.0,0.0,0.0,0.0,0.0,0.0,0.0,0.0,0.0,0.0,0.0,0.0,1.0,0.0,0.0,0.0,0.0,0.0,0.0,0.0,0.0,0.0,0.0,0.0,0.0,0.0,0.0,0.0,0.0,0.0,0.0,0.0,0.0,0.0,0.0,0.0,0.0,0.0,0.0,0.0,0.0,0.0,0.0,0.0,0.0,0.0,0.0,0.0,0.0,0.0,0.0,0.0,0.0,0.0,0.0,0.0,0.0,0.0,0.0,0.0,0.0,0.0,0.0,0.0,0.0,0.0,0.0,0.0,0.0,0.0,0.4,0.95,0.61,0.03,0.0,0.69,0.88,37.219,1.4305,8.51,6.7,5.52,12.15650032,0.205458473
HFIP,10.97511574074074,10.97511574074074,4.236111111111112,-5.626736111111111,0.5427331254389618,14.4,168.03599999999997,166.01999999999998,168.000984004,62.0,0.0,0.422901125659,-0.3765619053384419,0.422901125659,0.3765619053384419,0.8,1.0,1.0,19.424801448408523,10.33377901305341,2.5525286262218665,-2.160897313809902,2.320402298542498,-2.4126542596660485,4.721493342726735,-0.3083689583266079,1.5894951972794726,4.231132186198015,97.14178630198492,8.577350269189626,4.292350702744948,4.292350702744948,4.154700538379252,1.9694425779644689,1.9694425779644689,1.4857615563239732,1.4857615563239732,0.6200968572385487,0.6200968572385487,0.1855768722395226,0.1855768722395226,-0.46,63.5798078911789,9.54,2.2965280240062507,2.421671467490065,51.256581426376194,5.106527394840706,0.0,0.0,6.103966387748303,0.0,12.35259703488695,0.0,0.0,26.34249028604892,0.0,0.0,0.0,0.0,0.0,31.449017680889625,0.0,0.0,0.0,0.0,18.45656342263525,0.0,0.0,0.0,0.0,0.0,26.34249028604892,0.0,0.0,23.56309081747596,0.0,0.0,0.0,0.0,0.0,0.0,0.0,20.23,18.45656342263525,26.34249028604892,0.0,0.0,0.0,0.0,0.0,0.0,0.0,0.0,5.106527394840706,65.85069444444444,0.0,0.0,7.472222222222222,0.0,0.0,0.0,-15.489583333333332,0.0,0.0,1.0,10.0,1.0,1.0,0.0,0.0,0.0,0.0,0.0,0.0,0.0,0.0,0.0,1.0,1.0,7.0,0.0,0.0,0.0,0.0,0.0,0.0,0.0,2.190887734901963,0.0,1.4719,18.1168,0.0,1.0,1.0,0.0,0.0,0.0,0.0,0.0,0.0,0.0,0.0,0.0,0.0,0.0,0.0,0.0,0.0,0.0,0.0,0.0,0.0,0.0,0.0,0.0,0.0,6.0,0.0,0.0,0.0,0.0,0.0,0.0,0.0,0.0,0.0,0.0,0.0,0.0,0.0,0.0,0.0,0.0,0.0,0.0,6.0,0.0,0.0,0.0,0.0,0.0,0.0,0.0,0.0,0.0,0.0,0.0,0.0,0.0,0.0,0.0,0.0,0.0,0.0,0.0,0.0,0.0,0.0,0.0,0.0,0.0,0.0,0.0,0.0,0.0,0.0,0.0,0.0,0.0,0.0,0.0,0.0,0.0,0.0,0.0,0.0,1.07,1.01,0.01,1.01,1.96,0.0,0.65,16.7,1.275,8.41,2.2,7.19,11.28114356,0.147162599
THF,4.944444444444445,4.944444444444445,1.0,1.0,0.4109376010493491,24.0,72.107,64.043,72.057514876,30.0,0.0,0.0466381698498417,-0.3814493819627182,0.3814493819627182,0.0466381698498417,1.0,1.6,1.8,16.478080853478218,10.39358404523885,1.9427470876857733,-1.764025781856996,1.978259773463608,-1.743026702609948,4.431751901071205,0.1978334926135905,1.760495029766198,2.083333333333333,15.21928094887362,3.5355339059327378,3.236675415210053,3.236675415210053,2.5,2.0773502691896253,2.0773502691896253,1.319479216882342,1.319479216882342,0.8273502691896256,0.8273502691896256,0.5103103630798287,0.5103103630798287,-0.04,22.88643538696057,3.1616129032258065,1.4103121748178982,0.6183636836628511,31.941791446997023,4.736862953800049,0.0,0.0,0.0,0.0,0.0,0.0,0.0,0.0,0.0,0.0,12.84164324585202,13.213763929025836,0.0,4.736862953800049,0.0,0.0,0.0,0.0,12.84164324585202,13.213763929025836,0.0,0.0,0.0,0.0,0.0,0.0,0.0,13.213763929025836,4.736862953800049,0.0,12.84164324585202,0.0,0.0,0.0,0.0,9.23,0.0,0.0,0.0,0.0,0.0,13.213763929025836,12.84164324585202,0.0,0.0,0.0,4.736862953800049,4.944444444444445,0.0,0.0,0.0,0.0,0.0,0.0,2.555555555555556,2.0,0.0,1.0,5.0,0.0,1.0,0.0,1.0,1.0,0.0,0.0,0.0,0.0,0.0,0.0,1.0,0.0,1.0,1.0,0.0,0.0,1.0,1.0,0.0,0.0,0.8917722338961432,1.0,0.7968,20.053,0.0,0.0,0.0,0.0,0.0,0.0,0.0,0.0,0.0,0.0,0.0,0.0,0.0,0.0,0.0,0.0,0.0,0.0,0.0,0.0,0.0,0.0,0.0,0.0,0.0,0.0,0.0,0.0,0.0,0.0,0.0,0.0,0.0,0.0,0.0,0.0,0.0,0.0,0.0,0.0,0.0,1.0,0.0,0.0,0.0,0.0,0.0,0.0,0.0,0.0,0.0,0.0,0.0,0.0,0.0,0.0,0.0,0.0,0.0,0.0,0.0,0.0,0.0,0.0,0.0,0.0,0.0,0.0,0.0,0.0,0.0,0.0,0.0,0.0,0.0,0.0,0.0,0.0,0.0,0.0,0.0,0.0,0.0,0.0,0.0,0.21,0.84,0.59,0.0,0.0,0.55,0.58,7.4257,1.4072,8.21,2.79,3.91,9.511903069,0.197606475
DCE,5.054012345679012,5.054012345679012,0.5570987654320989,0.5570987654320989,0.4363042365257152,7.5,98.96,94.928,97.969005488,26.0,0.0,0.0358892034480996,-0.1254234307488161,0.1254234307488161,0.0358892034480996,1.0,1.25,1.25,35.49855801733688,10.970234924568336,1.6127040840331652,-1.628517329762281,1.7459021149219511,-1.6333332020997318,6.254551773714503,1.5224887609926137,1.370950594454669,1.9747448713915892,6.0,3.414213562373095,2.170142508391549,3.682000400428458,1.914213562373095,1.0345224838248486,2.1035674514745457,0.3779644730092271,1.1338934190276817,0.0714285714285714,0.6428571428571428,0.0,0.0,0.58,6.854752972273345,4.58,3.58,2.58,35.71072559598951,0.0,0.0,0.0,0.0,0.0,0.0,0.0,0.0,0.0,23.20187978046503,0.0,0.0,11.760006889940678,0.0,0.0,23.20187978046503,0.0,0.0,0.0,0.0,11.760006889940678,0.0,0.0,0.0,0.0,0.0,0.0,23.20187978046503,11.760006889940678,0.0,0.0,0.0,0.0,0.0,0.0,0.0,0.0,0.0,0.0,0.0,0.0,11.760006889940678,0.0,0.0,0.0,0.0,0.0,23.20187978046503,0.0,10.108024691358024,0.0,0.0,0.0,1.1141975308641978,0.0,0.0,0.0,0.0,1.0,4.0,0.0,0.0,0.0,0.0,0.0,0.0,0.0,0.0,0.0,0.0,0.0,0.0,0.0,2.0,0.0,1.0,0.0,0.0,0.0,0.0,0.0,4.0991,0.0,1.464,21.439999999999998,0.0,0.0,0.0,0.0,0.0,0.0,0.0,0.0,0.0,0.0,0.0,0.0,0.0,0.0,0.0,0.0,0.0,0.0,0.0,0.0,0.0,0.0,0.0,0.0,0.0,2.0,0.0,0.0,0.0,0.0,0.0,0.0,0.0,0.0,0.0,0.0,0.0,0.0,0.0,0.0,0.0,0.0,0.0,0.0,2.0,0.0,0.0,0.0,0.0,0.0,0.0,0.0,0.0,0.0,0.0,0.0,0.0,0.0,0.0,0.0,0.0,0.0,0.0,0.0,0.0,0.0,0.0,0.0,0.0,0.0,0.0,0.0,0.0,0.0,0.0,0.0,0.0,0.0,0.0,0.0,0.0,0.0,0.0,0.0,0.0,0.33,0.89,0.13,0.03,0.0,0.1,0.81,10.125,1.4164,9.29,3.62,2.0,10.168997,0.200740841
